State ID,County,GEOID,Temperature
OR-001,Baker ,01001,24.3
NE-007,Banner ,01003,25.1
MI-015,Barry ,01005,21.9
ID-013,Blaine ,01007,19.4
IL-007,Boone ,01009,19.2
NE-021,Burt ,01011,19.1
GA-035,Butts ,01013,19.1
KY-035,Calloway ,01015,35.8
GA-055,Chattooga ,01017,40.4
IA-037,Chickasaw ,01019,14
OR-005,Clackamas ,01021,34.3
SC-027,Clarendon ,01023,46.1
SD-027,Clay ,01025,16.5
CO-019,Clear Creek ,01027,19.3
AZ-003,Cochise ,01029,43.5
NY-021,Columbia ,01031,22.8
OH-029,Columbiana ,01033,26
MN-033,Cottonwood ,01035,11.7
AR-033,Crawford ,01037,37.5
AL-041,Crenshaw ,01039,47.4
VA-049,Cumberland ,01041,36.2
UT-009,Daggett ,01043,20
NE-045,Dawes ,01045,22.6
MT-021,Dawson ,01047,12
FL-027,DeSoto ,01049,61.5
AK-090,Fairbanks North Star Borough,01051,-3.2
MN-043,Faribault ,01053,12.9
KY-067,Fayette ,01055,31.9
KY-071,Floyd ,01057,34.9
VA-630,Fredericksburg City,01059,34.2
TX-175,Goliad ,01061,53.3
IA-075,Grundy ,01063,16.4
WV-029,Hancock ,01065,27.7
MS-051,Holmes ,01067,44.5
ID-049,Idaho ,01069,22.5
FL-065,Jefferson ,01071,51.8
IL-087,Johnson ,01073,32.4
TN-099,Lawrence ,01075,38
MT-049,Lewis and Clark ,01077,19.2
WV-041,Lewis ,01079,31.2
MS-085,Lincoln ,01081,47.8
ND-047,Logan ,01083,6.8
VA-113,Madison ,01085,32.2
IL-121,Marion ,01087,29.2
OR-047,Marion ,01089,36
WV-053,Mason ,01091,32.3
TX-323,Maverick ,01093,51.8
ND-053,McKenzie ,01095,8.9
TX-341,Moore ,01097,34.7
OH-115,Morgan ,01099,28.8
OK-099,Murray ,01101,39.6
CA-057,Nevada ,01103,37.6
WV-073,Pleasants ,01105,30
MN-121,Pope ,01107,7.2
IA-155,Pottawattamie ,01109,20.4
TX-393,Roberts ,01111,34.9
GA-249,Schley ,01113,46.6
NY-105,Sullivan ,01115,21.8
MO-187,St. Francois ,01117,30.9
KY-219,Todd ,01119,35.3
TX-455,Trinity ,01121,48.4
GA-285,Troup ,01123,43.7
TX-471,Walker ,01125,48.9
MI-163,Wayne ,01127,23.5
MT-107,Wheatland ,01129,20.8
SC-091,York ,01131,41.1
,,01133,
OK-003,Alfalfa ,02013,33
MI-003,Alger ,02016,14.8
MO-003,Andrew ,02020,24.6
IN-009,Blackford ,02050,25.4
CO-014,Broomfield ,02060,29.6
TX-127,Dimmit ,02068,52.6
IL-041,Douglas ,02070,25.6
TX-149,Fayette ,02090,50.1
TN-067,Hancock ,02100,35.9
MI-063,Huron ,02105,20.1
TX-269,King ,02110,41
KY-119,Knott ,02122,34.5
WI-063,La Crosse ,02130,13.8
TX-281,Lampasas ,02150,46
KY-125,Laurel ,02164,34.7
TX-327,Menard ,02170,44.8
TX-361,Orange ,02180,51.1
MO-149,Oregon ,02185,33.4
OK-113,Osage ,02188,34.1
MN-119,Polk ,02195,2.5
KS-155,Reno ,02198,29.8
MN-147,Steele ,02220,11.4
GA-257,Stephens ,02230,42
NV-029,Storey ,02240,31.7
GA-303,Washington ,02261,46.1
TX-009,Archer ,04001,41.1
TX-089,Colorado ,04003,51.1
FL-023,Columbia ,04005,53.2
WY-015,Goshen ,04007,24.2
KY-083,Graves ,04009,34.9
AL-065,Hale ,04011,45.3
KS-101,Lane ,04012,28.3
TX-321,Matagorda ,04013,53.3
CO-087,Morgan ,04015,24.3
TX-355,Nueces ,04017,55.6
AR-117,Prairie ,04019,40.3
MT-079,Prairie ,04021,13.9
TX-419,Shelby ,04023,47.3
,,04025,
,,04027,
NC-009,Ashe ,05001,31.7
GA-003,Atkinson ,05003,50
OK-007,Beaver ,05005,33
SC-015,Berkeley ,05007,47.4
VA-023,Botetourt ,05009,34.3
TX-043,Brewster ,05011,46.8
WI-015,Calumet ,05013,15
MO-035,Carter ,05015,33.2
OK-025,Cimarron ,05017,33.1
FL-019,Clay ,05019,54.7
PA-033,Clearfield ,05021,24
TX-079,Cochran ,05023,38.1
AZ-005,Coconino ,05025,31.9
AR-029,Conway ,05027,38.6
GA-077,Coweta ,05029,42.7
WY-011,Crook ,05031,18.7
MN-035,Crow Wing ,05033,5.9
NC-053,Currituck ,05035,41
OK-039,Custer ,05037,35.1
NE-047,Dawson ,05039,23.5
GA-091,Dodge ,05041,47.7
TX-135,Ector ,05043,43.2
IN-043,Floyd ,05045,31.3
MN-047,Freeborn ,05047,12.1
MD-023,Garrett ,05049,25.9
CO-047,Gilpin ,05051,21.5
WI-045,Green ,05053,17.5
MO-079,Grundy ,05055,24.4
NH-011,Hillsborough ,05057,21
LA-045,Iberia Parish,05059,52.5
MI-065,Ingham ,05061,21.3
MS-059,Jackson ,05063,50.6
AR-069,Jefferson ,05065,41.5
GA-163,Jefferson ,05067,45.8
IN-081,Johnson ,05069,27.1
MS-069,Kemper ,05071,44.9
KY-123,Larue ,05073,33
SC-063,Lexington ,05075,44.3
MO-113,Lincoln ,05077,27.7
OK-083,Logan ,05079,35.6
KS-111,Lyon ,05081,28.1
MO-121,Macon ,05083,24.8
IA-121,Madison ,05085,20
SC-067,Marion ,05087,45.3
OK-097,Mayes ,05089,35.9
AR-097,Montgomery ,05091,39.6
TX-339,Montgomery ,05093,50.1
TN-129,Morgan ,05095,35.5
IA-139,Muscatine ,05097,20.7
WI-083,Oconto ,05099,13.4
OK-111,Okmulgee ,05101,37.5
IN-123,Perry ,05103,32.3
CA-063,Plumas ,05105,31.4
WI-095,Polk ,05107,9
PA-105,Potter ,05109,22.1
MO-169,Pulaski ,05111,31.6
OK-127,Pushmataha ,05113,39.9
WI-101,Racine ,05115,19.6
MT-081,Ravalli ,05117,20.2
MO-179,Reynolds ,05119,31.6
KY-201,Robertson ,05121,31.2
OH-153,Summit ,05123,25.5
MO-201,Scott ,05125,33.8
AK-220,Sitka City and Borough,05127,26.7
ME-025,Somerset ,05129,11
MD-039,Somerset ,05131,35.9
KY-215,Spencer ,05133,32.2
IL-163,St. Clair ,05135,30.3
TX-443,Terrell ,05137,46.5
TX-475,Ward ,05139,44
KS-201,Washington ,05141,24.7
GA-309,Wheeler ,05143,48.3
AK-282,Yakutat City and Borough,05145,17.2
,,05147,
,,05149,
MI-001,Alcona ,06001,17.7
AK-020,Anchorage Municipality,06003,15
KS-003,Anderson ,06005,29.4
KY-033,Caldwell ,06007,34.4
IA-025,Calhoun ,06009,16.5
AK-066,Copper River Census Area,06011,0.4
AL-039,Covington ,06013,48.9
TX-123,DeWitt ,06015,52
PA-049,Erie ,06017,23.5
WA-023,Garfield ,06019,28.3
MI-055,Grand Traverse ,06021,18.6
MN-059,Isanti ,06023,9.2
MN-063,Jackson ,06025,12.3
OK-065,Jackson ,06027,38.2
IN-085,Kosciusko ,06029,23.2
LA-055,Lafayette Parish,06031,51.7
GA-175,Laurens ,06033,47.4
KY-131,Leslie ,06035,34.6
MO-123,Madison ,06037,31.8
OH-101,Marion ,06039,25.8
VA-115,Mathews ,06041,38.2
GA-191,McIntosh ,06043,51.3
TX-335,Mitchell ,06045,43
AZ-015,Mohave ,06047,42.3
LA-067,Morehouse Parish,06049,44.7
IN-109,Morgan ,06051,27.2
GA-213,Murray ,06053,39.5
AK-188,Northwest Arctic Borough,06055,-6.7
MI-129,Ogemaw ,06057,17.4
TX-367,Parker ,06059,43.4
MD-033,Prince George's ,06061,33.7
AR-119,Pulaski ,06063,40.4
SC-081,Saluda ,06065,43.6
IL-171,Scott ,06067,26.4
KS-173,Sedgwick ,06069,30.5
FL-117,Seminole ,06071,59.4
GA-253,Seminole ,06073,50.6
OK-133,Seminole ,06075,38.1
TN-153,Sequatchie ,06077,36.6
TX-417,Shackelford ,06079,42.8
MO-203,Shannon ,06081,32.2
OH-149,Shelby ,06083,25.7
TN-157,Shelby ,06085,39.6
VA-171,Shenandoah ,06087,30.7
MI-147,St. Clair ,06089,22.4
NE-167,Stanton ,06091,19.3
MN-145,Stearns ,06093,7.8
TN-161,Stewart ,06095,36.5
MO-209,Stone ,06097,33.6
TX-437,Swisher ,06099,36.6
GA-281,Towns ,06101,37.5
NC-177,Tyrrell ,06103,42.7
VA-810,Virginia Beach City,06105,40.5
WA-069,Wahkiakum ,06107,38.4
ME-027,Waldo ,06109,17.5
OK-147,Washington ,06111,33.9
CO-001,Adams ,08001,26.6
MS-003,Alcorn ,08003,39.4
PA-005,Armstrong ,08005,26
ME-003,Aroostook ,08007,8.9
KY-007,Ballard ,08009,33.9
NJ-003,Bergen ,08011,28.4
KY-023,Bracken ,08013,30.8
SD-015,Brule ,08014,15.9
GA-053,Chattahoochee ,08015,46.8
KY-047,Christian ,08017,35.2
KS-029,Cloud ,08019,26
VA-580,Covington City,08021,33.7
MO-055,Crawford ,08023,30.3
OH-035,Cuyahoga ,08025,25.7
OH-037,Darke ,08027,25.9
TN-043,Dickson ,08029,36.6
FL-029,Dixie ,08031,53.8
UT-013,Duchesne ,08033,18.6
FL-031,Duval ,08035,53.9
CO-039,Elbert ,08037,26.3
NV-009,Esmeralda ,08039,31.2
AL-053,Escambia ,08041,49.7
MT-033,Garfield ,08043,14.7
TN-055,Giles ,08045,38.3
NC-075,Graham ,08047,35.5
KY-085,Grayson ,08049,33.3
IN-059,Hancock ,08051,26.6
MN-057,Hubbard ,08053,3.8
WI-051,Iron ,08055,8.6
ID-051,Jefferson ,08057,16.2
IA-103,Johnson ,08059,19.3
CA-033,Lake ,08061,42.9
IL-097,Lake ,08063,20.9
SC-059,Laurens ,08065,42.2
OR-039,Lane ,08067,36.8
PA-077,Lehigh ,08069,27
MI-091,Lenawee ,08071,22.6
WV-045,Logan ,08073,34
NC-113,Macon ,08075,35.6
IA-135,Monroe ,08077,21.4
MD-031,Montgomery ,08079,31.9
AL-103,Morgan ,08081,40.6
MN-101,Murray ,08083,11.5
VA-125,Nelson ,08085,33.8
DE-003,New Castle ,08087,31.4
SD-103,Pennington ,08089,19.9
MS-111,Perry ,08091,48.8
OH-129,Pickaway ,08093,28.6
MT-073,Pondera ,08095,16.9
MI-141,Presque Isle ,08097,17.3
ND-075,Renville ,08099,4.6
KS-157,Republic ,08101,24.5
AR-125,Saline ,08103,40.5
IL-165,Saline ,08105,32
NY-091,Saratoga ,08107,19.1
KS-171,Scott ,08109,28.2
OK-135,Sequoyah ,08111,38.2
MS-125,Sharkey ,08113,44.9
NJ-035,Somerset ,08115,28.3
IN-157,Tippecanoe ,08117,24.7
UT-047,Uintah ,08119,18.6
NE-183,Wheeler ,08121,19.7
KS-207,Woodson ,08123,30.3
,,08125,
MT-027,Fergus ,09001,18.9
NY-043,Herkimer ,09003,16
IA-119,Lyon ,09005,13.9
OH-111,Monroe ,09007,28.8
GA-221,Oglethorpe ,09009,42.4
KY-183,Ohio ,09011,33.7
IA-177,Van Buren ,09013,22.7
NE-107,Knox ,10001,18.5
SD-102,Oglala Lakota ,10003,21
GA-279,Toombs ,10005,48.9
NE-055,Douglas ,11001,20.9
WY-001,Albany ,12001,19.5
SC-009,Bamberg ,12003,46.6
PA-007,Beaver ,12005,27.4
IA-017,Bremer ,12007,15
GA-027,Brooks ,12009,50.6
NC-019,Brunswick ,12011,45.5
MD-009,Calvert ,12013,34.6
GA-057,Cherokee ,12015,40.4
WI-019,Clark ,12017,10.5
ID-035,Clearwater ,12019,24.5
TX-095,Concho ,12021,44.7
GA-075,Cook ,12023,49.8
MN-039,Dodge ,12027,11.2
OR-019,Douglas ,12029,37.6
CA-017,El Dorado ,12031,39.6
SD-049,Faulk ,12033,10.8
AR-047,Franklin ,12035,37.5
TX-161,Freestone ,12037,46.2
MI-049,Genesee ,12039,21.1
NE-073,Gosper ,12041,24.3
CO-049,Grand ,12043,16.4
IL-067,Hancock ,12045,24.2
TX-197,Hardeman ,12047,39.1
CT-003,Hartford ,12049,25
KS-083,Hodgeman ,12051,29.7
SC-051,Horry ,12053,45.7
IN-067,Howard ,12055,24.8
MO-089,Howard ,12057,27.4
CA-023,Humboldt ,12059,41.8
MO-095,Jackson ,12061,27.3
IL-081,Jefferson ,12063,30.3
KS-091,Johnson ,12065,27.8
CO-071,Las Animas ,12067,30.9
TX-285,Lavaca ,12069,51.3
MT-053,Lincoln ,12071,20
MO-115,Linn ,12073,24.9
AR-081,Little River ,12075,42.5
CO-075,Logan ,12077,25.9
TN-115,Marion ,12079,38
IL-125,Mason ,12081,25
OK-087,McClain ,12083,37.6
SD-089,McPherson ,12085,9
NY-055,Monroe ,12086,23.2
UT-029,Morgan ,12087,22.5
VA-135,Nottoway ,12089,36.8
KY-189,Owsley ,12091,34.8
ME-017,Oxford ,12093,14.1
TX-369,Parmer ,12095,35.7
WA-051,Pend Oreille ,12097,21.3
PA-101,Philadelphia ,12099,31
NE-139,Pierce ,12101,18.5
OH-135,Preble ,12103,26.6
FL-107,Putnam ,12105,56.1
ND-077,Richland ,12107,7.1
GA-261,Sumter ,12109,47.3
VA-183,Sussex ,12111,38.5
MT-091,Sheridan ,12113,5.9
NE-161,Sheridan ,12115,21.3
TX-425,Somervell ,12117,44.7
MN-153,Todd ,12119,6
NC-175,Transylvania ,12121,35.8
GA-287,Turner ,12123,48
GA-299,Ware ,12125,51.1
MI-161,Washtenaw ,12127,21.7
IA-185,Wayne ,12129,21.6
UT-055,Wayne ,12131,26.4
OR-069,Wheeler ,12133,29.3
MI-011,Arenac ,13001,19.5
SD-003,Aurora ,13003,15.1
MD-510,Baltimore City,13005,33.2
TX-019,Bandera ,13007,48.6
ID-005,Bannock ,13009,22.2
MA-001,Barnstable ,13011,29.6
VA-017,Bath ,13013,30.8
SD-005,Beadle ,13015,12.3
MO-015,Benton ,13017,29.8
ND-007,Billings ,13019,11.3
MT-005,Blaine ,13021,13.5
ID-019,Bonneville ,13023,19
VA-520,Bristol City,13025,35.4
SD-013,Brown ,13027,8.5
WI-011,Buffalo ,13029,12.6
WI-013,Burnett ,13031,8.1
KS-015,Butler ,13033,30
TX-055,Caldwell ,13035,49.7
ID-025,Camas ,13037,19.7
OK-017,Canadian ,13039,35.7
AR-015,Carroll ,13043,34.9
MT-011,Carter ,13045,16
VA-036,Charles City ,13047,38.6
NC-039,Cherokee ,13049,37.4
TX-073,Cherokee ,13051,46.7
VA-550,Chesapeake City,13053,40.1
NH-005,Cheshire ,13055,19.4
MS-017,Chickasaw ,13057,42.7
TN-027,Clay ,13059,36.4
MN-029,Clearwater ,13061,2.4
OH-027,Clinton ,13063,28
GA-069,Coffee ,13065,49.3
VA-570,Colonial Heights City,13067,38.2
OR-009,Columbia ,13069,36.6
WY-009,Converse ,13071,21.3
IL-031,Cook ,13073,22.5
KS-035,Cowley ,13075,31.6
AR-035,Crittenden ,13077,39.4
CO-025,Crowley ,13079,28.2
NE-039,Cuming ,13081,19
KY-059,Daviess ,13083,33.2
CA-015,Del Norte ,13085,39.3
AK-068,Denali Borough,13087,0.8
MS-033,DeSoto ,13089,40.4
WI-031,Douglas ,13091,7.6
ND-025,Dunn ,13093,9.4
NY-027,Dutchess ,13095,23.8
TX-131,Duval ,13097,54.9
GA-105,Elbert ,13099,42
OK-045,Ellis ,13101,33.6
NY-029,Erie ,13103,22.9
MA-009,Essex ,13105,25.1
VA-059,Fairfax ,13107,33.2
TN-047,Fayette ,13109,38.9
KY-069,Fleming ,13111,31.9
TX-153,Floyd ,13113,38.1
IA-069,Franklin ,13115,14.7
VT-011,Franklin ,13117,14.6
CO-043,Fremont ,13119,26.4
OK-049,Garvin ,13121,38.7
AZ-009,Graham ,13123,42.6
ND-035,Grand Forks ,13125,3
IN-053,Grant ,13127,25.3
SD-051,Grant ,13129,9.4
LA-043,Grant Parish,13131,47.8
TN-061,Grundy ,13133,36.1
ME-009,Hancock ,13135,18.3
OH-063,Hancock ,13137,25.2
SD-061,Hanson ,13139,14.6
KS-077,Harper ,13141,31.7
KY-099,Hart ,13143,34
FL-051,Hendry ,13145,63.5
TN-079,Henry ,13147,36.5
TX-217,Hill ,13149,45.5
OH-075,Holmes ,13151,25.8
CA-025,Imperial ,13153,54.2
IA-099,Jasper ,13155,19.1
IN-077,Jefferson ,13157,30
GA-165,Jenkins ,13159,46.6
AR-071,Johnson ,13161,36.9
KY-115,Johnson ,13163,33.8
MN-067,Kandiyohi ,13165,8.8
AK-122,Kenai Peninsula Borough,13167,16.3
CA-029,Kern ,13169,44.3
OK-079,Le Flore ,13171,39.1
SC-061,Lee ,13173,44.2
NY-049,Lewis ,13175,14.8
NE-111,Lincoln ,13177,23.7
IL-107,Logan ,13179,24.9
GA-183,Long ,13181,50.6
IN-095,Madison ,13183,26
LA-065,Madison Parish,13185,46.2
OR-045,Malheur ,13187,26.5
KS-121,Miami ,13189,28.6
CT-007,Middlesex ,13191,26.8
IN-097,Marion ,13193,26.7
TX-315,Marion ,13195,45.5
MT-055,McCone ,13197,11
GA-207,Monroe ,13199,44.5
GA-209,Montgomery ,13201,48.3
PA-093,Montour ,13205,25.4
WV-065,Morgan ,13207,29.6
GA-215,Muscogee ,13209,46.5
NC-129,New Hanover ,13211,45.4
MN-105,Nobles ,13213,12.4
VA-710,Norfolk City,13215,40.5
MS-105,Oktibbeha ,13217,43.5
OK-115,Ottawa ,13219,34.3
WI-087,Outagamie ,13221,14.3
AR-109,Pike ,13223,40.8
OH-131,Pike ,13225,29.7
VA-735,Poquoson City,13227,39.6
IN-127,Porter ,13229,23
SD-107,Potter ,13231,11.4
GA-237,Putnam ,13233,44
TN-143,Rhea ,13235,37.5
OH-139,Richland ,13237,24.5
CO-103,Rio Blanco ,13239,21
IN-137,Ripley ,13241,28.8
TN-147,Robertson ,13243,36.1
LA-085,Sabine Parish,13245,47.4
TX-409,San Patricio ,13247,55
MN-143,Sibley ,13249,11.2
NM-053,Socorro ,13251,34
CA-097,Sonoma ,13253,46.4
IA-169,Story ,13255,17.7
FL-123,Taylor ,13257,52.7
GA-271,Telfair ,13259,48.4
SD-121,Todd ,13261,20
KY-221,Trigg ,13263,35.5
CA-105,Trinity ,13265,37.3
CA-109,Tuolumne ,13267,35.7
SD-125,Turner ,13269,15
WY-041,Uinta ,13271,18.2
TN-171,Unicoi ,13273,34.4
NJ-039,Union ,13275,29.6
SC-087,Union ,13277,41.8
NC-181,Vance ,13279,38.1
CA-111,Ventura ,13281,46
IN-167,Vigo ,13283,27.4
IN-169,Wabash ,13285,24.6
AL-127,Walker ,13287,42.6
TX-473,Waller ,13289,50.4
GA-301,Warren ,13291,44.4
WY-043,Washakie ,13293,18
MS-153,Wayne ,13295,47.7
WV-099,Wayne ,13297,33.8
IA-187,Webster ,13299,16.4
KY-233,Webster ,13301,33.6
TX-483,Wheeler ,13303,35.8
TN-189,Wilson ,13305,37.5
TX-499,Wood ,13307,43.9
WV-109,Wyoming ,13309,32.7
MS-161,Yalobusha ,13311,42.3
MS-163,Yazoo ,13313,45.7
VA-199,York ,13315,39
TX-503,Young ,13317,41.9
AZ-027,Yuma ,13319,52.8
,,13321,
NM-023,Hidalgo ,15001,40.9
TX-231,Hunt ,15003,42.4
OK-073,Kingfisher ,15005,35.3
CO-063,Kit Carson ,15007,27.3
KY-165,Menifee ,15009,33
ID-001,Ada ,16001,29.4
ID-003,Adams ,16003,22.8
KY-009,Barren ,16005,35.1
TN-003,Bedford ,16007,38.4
OR-003,Benton ,16009,38.8
GA-023,Bleckley ,16011,47
MN-013,Blue Earth ,16013,12.5
KY-015,Boone ,16015,30.1
TX-035,Bosque ,16017,45.1
LA-015,Bossier Parish,16019,45.1
FL-007,Bradford ,16021,54.5
MO-025,Caldwell ,16023,25.1
VA-031,Campbell ,16025,35.4
IN-015,Carroll ,16027,24.6
OH-019,Carroll ,16029,26.3
CO-015,Chaffee ,16031,19
GA-061,Clay ,16033,48.7
OK-029,Coal ,16035,39.6
SC-031,Darlington ,16037,43.9
VA-600,Fairfax City,16039,33
ID-043,Fremont ,16041,15.6
NE-071,Garfield ,16043,20
MI-053,Gogebic ,16045,9.4
OR-023,Grant ,16047,25.7
MI-075,Jackson ,16049,21.4
MO-101,Johnson ,16051,27.8
IL-091,Kankakee ,16053,22.9
PA-071,Lancaster ,16055,28.6
KY-133,Letcher ,16057,34.2
LA-061,Lincoln Parish,16059,44.6
IL-105,Livingston ,16061,22.7
AR-085,Lonoke ,16063,40.5
WV-049,Marion ,16065,29.9
OH-113,Montgomery ,16067,27.7
ID-071,Oneida ,16069,22.9
NC-137,Pamlico ,16071,44.5
NC-145,Person ,16073,37.7
MS-113,Pike ,16075,48.6
ND-073,Ransom ,16077,6.8
NC-167,Stanly ,16079,41
GA-291,Union ,16081,37.5
OR-063,Wallowa ,16083,24.5
IL-189,Washington ,16085,30.1
AR-145,White ,16087,38.8
IL-001,Adams ,17001,25.3
IA-005,Allamakee ,17003,14.8
TX-033,Borden ,17005,42.4
ND-009,Bottineau ,17007,3.1
VA-025,Brunswick ,17009,37.7
IA-023,Butler ,17011,15.3
PA-021,Cambria ,17013,24.4
OK-019,Carter ,17015,40.1
NY-009,Cattaraugus ,17017,21.5
NY-013,Chautauqua ,17019,22.6
IN-019,Clark ,17021,31
IL-025,Clay ,17023,29
AL-029,Cleburne ,17025,41.5
TN-031,Coffee ,17027,37.7
TX-091,Comal ,17029,49.5
WA-015,Cowlitz ,17031,35.8
TX-109,Culberson ,17033,42.8
NE-043,Dakota ,17035,17.7
NE-049,Deuel ,17037,25
CO-029,Delta ,17039,22.9
TN-045,Dyer ,17041,36.6
KS-047,Edwards ,17043,29.7
ID-039,Elmore ,17045,25.2
ND-029,Emmons ,17047,8.5
OH-043,Erie ,17049,26.1
VA-063,Floyd ,17051,31.7
NC-069,Franklin ,17053,38.9
IA-071,Fremont ,17055,22.4
TX-169,Garza ,17057,41.4
MS-039,George ,17059,49.7
NM-019,Guadalupe ,17061,34.8
KS-075,Hamilton ,17063,29.6
IL-069,Hardin ,17065,32.8
OK-059,Harper ,17067,33
KS-081,Haskell ,17069,30.2
MI-059,Hillsdale ,17071,21.7
MO-087,Holt ,17073,24.5
IN-073,Jasper ,17075,23.3
IA-101,Jefferson ,17077,21.5
IN-079,Jennings ,17079,29.4
NE-097,Johnson ,17081,23.1
TX-255,Karnes ,17083,52.4
NE-101,Keith ,17085,24.2
IL-093,Kendall ,17087,21.6
TX-271,Kinney ,17089,50.3
KS-097,Kiowa ,17091,30.5
IL-095,Knox ,17093,22.1
TN-095,Lake ,17095,35.9
AL-079,Lawrence ,17097,40.4
TX-289,Leon ,17099,47.2
FL-077,Liberty ,17101,51.7
NV-017,Lincoln ,17103,34.4
MN-083,Lyon ,17105,11.5
TN-111,Macon ,17107,36
CO-077,Mesa ,17109,23.2
OH-109,Miami ,17111,26.8
PA-087,Mifflin ,17113,26.8
IA-125,Marion ,17115,20.9
MO-127,Marion ,17117,25.6
CA-043,Mariposa ,17119,39.8
SD-087,McCook ,17121,13.9
NM-031,McKinley ,17123,27.9
MI-107,Mecosta ,17125,19.2
SD-095,Mellette ,17127,19.4
KS-123,Mitchell ,17129,26
MO-135,Moniteau ,17131,29.2
NE-123,Morrill ,17133,24.1
MI-121,Muskegon ,17135,22.3
CT-009,New Haven ,17137,26.6
MN-103,Nicollet ,17139,11.9
CO-091,Ouray ,17141,20.8
CA-061,Placer ,17143,38.7
IA-149,Plymouth ,17145,16.1
AR-115,Pope ,17147,37.4
TX-375,Potter ,17149,35.3
VA-750,Radford City,17151,33.3
KS-159,Rice ,17153,28.9
SC-079,Richland ,17155,44.8
TX-395,Robertson ,17157,47.3
AL-113,Russell ,17159,47
CA-081,San Mateo ,17161,48
PA-113,Sullivan ,17163,21.3
TN-151,Scott ,17165,34.6
IA-165,Shelby ,17167,18.6
MT-093,Silver Bow ,17169,18.7
WA-057,Skagit ,17171,31
LA-091,St. Helena Parish,17173,49.5
AL-121,Talladega ,17175,43.6
KY-217,Taylor ,17177,33.5
TX-457,Tyler ,17179,49.2
IL-187,Warren ,17181,22.2
OR-067,Washington ,17183,36.9
NC-189,Watauga ,17185,32
MS-155,Webster ,17187,43
GA-311,White ,17189,39.6
TX-493,Wilson ,17191,51.6
OR-071,Yamhill ,17193,38.1
AZ-025,Yavapai ,17195,40.9
TX-505,Zapata ,17197,56.4
,,17199,
,,17201,
,,17203,
IN-001,Adams ,18001,24.5
SC-005,Allendale ,18003,46.7
MI-017,Bay ,18005,20.6
WV-003,Berkeley ,18007,29.9
AL-009,Blount ,18009,41.6
CO-013,Boulder ,18011,25.4
GA-029,Bryan ,18013,50
TN-019,Carter ,18015,34.2
ND-019,Cavalier ,18017,0.4
IN-021,Clay ,18019,27.3
AR-023,Cleburne ,18021,37.5
KS-031,Coffey ,18023,29.2
AL-043,Cullman ,18025,41.1
OH-039,Defiance ,18027,24.2
TX-119,Delta ,18029,42.5
MO-065,Dent ,18031,31
SD-039,Deuel ,18033,9.6
TX-125,Dickens ,18035,40.6
NM-015,Eddy ,18037,41.5
VT-009,Essex ,18039,12.1
VA-065,Fluvanna ,18041,35.4
KS-059,Franklin ,18043,28.6
MD-021,Frederick ,18045,30.3
WY-013,Fremont ,18047,17.1
MO-073,Gasconade ,18049,29.5
ID-047,Gooding ,18051,24.5
WI-047,Green Lake ,18053,15.1
TX-187,Guadalupe ,18055,50.5
IA-083,Hardin ,18057,16.1
GA-145,Harris ,18059,45
VA-087,Henrico ,18061,37.3
TX-219,Hockley ,18063,38.6
NE-089,Holt ,18065,19.3
CA-027,Inyo ,18067,41.2
AL-071,Jackson ,18069,39.9
KS-087,Jefferson ,18071,26.8
SD-073,Jerauld ,18073,13.9
TX-249,Jim Wells ,18075,55.4
TN-091,Johnson ,18077,32.9
IL-089,Kane ,18079,20.6
TX-259,Kendall ,18081,48.3
MN-077,Lake of the Woods ,18083,0.4
SC-057,Lancaster ,18085,41.8
MS-075,Lauderdale ,18087,45.7
AR-075,Lawrence ,18089,36.2
VA-105,Lee ,18091,34.9
GA-179,Liberty ,18093,50.5
SC-069,Marlboro ,18095,43.4
SC-065,McCormick ,18097,43.5
IL-113,McLean ,18099,23.3
KS-119,Meade ,18101,31.8
MI-115,Monroe ,18103,24
KS-127,Morris ,18105,27.3
OH-119,Muskingum ,18107,27.8
VA-127,New Kent ,18109,37.7
KY-185,Oldham ,18111,31.2
MI-131,Ontonagon ,18113,10.9
TN-133,Overton ,18115,35.8
FL-101,Pasco ,18117,58.5
PA-099,Perry ,18119,27.6
SC-077,Pickens ,18121,40.8
MA-023,Plymouth ,18123,27.9
MT-075,Powder River ,18125,18.2
ND-071,Ramsey ,18127,2.1
AL-111,Randolph ,18129,42.3
MN-131,Rice ,18131,11.4
WI-103,Richland ,18133,15.3
NC-155,Robeson ,18135,43.7
MO-195,Saline ,18137,27.2
NE-155,Saunders ,18139,21.2
SC-085,Sumter ,18141,45.3
AK-230,Skagway Municipality,18143,12.1
LA-093,St. James Parish,18145,52.3
ND-093,Stutsman ,18147,6
IA-171,Tama ,18149,17.4
WV-091,Taylor ,18151,30.2
NE-173,Thurston ,18153,18.3
GA-283,Treutlen ,18155,47.8
GA-293,Upson ,18157,44.8
TX-461,Upton ,18159,44.6
IN-171,Warren ,18161,24.7
NE-177,Washington ,18163,20.2
RI-009,Washington ,18165,27.9
WI-131,Washington ,18167,16.5
MN-165,Watonwan ,18169,12.3
MO-225,Webster ,18171,31.1
VA-193,Westmoreland ,18173,35.7
IL-193,White ,18175,31.6
VA-840,Winchester City,18177,30.4
OK-153,Woodward ,18179,33.4
NC-199,Yancey ,18181,32.6
AR-149,Yell ,18183,39.2
IA-001,Adair ,19001,19.4
IA-003,Adams ,19003,20.2
VA-005,Alleghany ,19005,31.9
CO-007,Archuleta ,19007,21.8
CO-009,Baca ,19009,31.3
PA-011,Berks ,19011,27.8
TN-007,Bledsoe ,19013,36.5
ID-021,Boundary ,19015,20.7
SD-011,Brookings ,19017,10.8
GA-031,Bulloch ,19019,48.4
ND-013,Burke ,19021,4.2
NC-025,Cabarrus ,19023,40.3
GA-039,Camden ,19025,52.1
NC-031,Carteret ,19027,45.3
NY-011,Cayuga ,19029,22.2
VA-540,Charlottesville City,19031,34.7
NC-037,Chatham ,19033,40.2
AR-017,Chicot ,19035,43.8
NV-001,Churchill ,19037,30.4
TX-077,Clay ,19039,41
OH-025,Clermont ,19041,29.8
PA-035,Clinton ,19043,24.5
TX-081,Coke ,19045,43.7
VA-047,Culpeper ,19047,33.2
TX-115,Dawson ,19049,41.6
IL-037,DeKalb ,19051,20
TX-121,Denton ,19053,43
VA-051,Dickenson ,19055,33.8
NE-051,Dixon ,19057,17.7
SC-035,Dorchester ,19059,47.4
ND-027,Eddy ,19061,3.8
OH-045,Fairfield ,19063,27.9
TX-155,Foard ,19065,40.1
KY-073,Franklin ,19067,31.9
CA-019,Fresno ,19069,39.2
OK-047,Garfield ,19071,34
OH-059,Guernsey ,19073,27.8
NE-081,Hamilton ,19075,22.3
KY-091,Hancock ,19077,33.1
KY-093,Hardin ,19079,32.7
TX-201,Harris ,19081,51.8
OK-061,Haskell ,19083,39
AL-067,Henry ,19085,49.1
TX-221,Hood ,19087,44.2
MI-067,Ionia ,19089,21.3
WA-029,Island ,19091,38.4
KY-109,Jackson ,19093,33.8
TN-087,Jackson ,19095,36.9
KY-111,Jefferson ,19097,32.4
ID-053,Jerome ,19099,25.2
TX-251,Johnson ,19101,44.7
TX-261,Kenedy ,19103,57.3
TX-265,Kerr ,19105,46.9
ID-055,Kootenai ,19107,25.5
VA-103,Lancaster ,19109,37
NM-027,Lincoln ,19111,35.6
PA-079,Luzerne ,19113,23.1
NY-053,Madison ,19115,19.4
MN-087,Mahnomen ,19117,2.7
MO-125,Maries ,19119,30.9
MI-103,Marquette ,19121,11.9
FL-085,Martin ,19123,63.4
KY-145,McCracken ,19125,34
KY-149,McLean ,19127,33.7
IN-107,Montgomery ,19129,25.1
CO-085,Montrose ,19131,23.9
KY-175,Morgan ,19133,33.3
NJ-027,Morris ,19135,26.3
OK-101,Muskogee ,19137,37.8
AK-180,Nome Census Area,19139,0.6
NE-131,Otoe ,19141,22.7
NC-141,Pender ,19143,44.5
MO-161,Phelps ,19145,31.3
AR-107,Phillips ,19147,40.8
GA-235,Pulaski ,19149,47.1
IN-131,Pulaski ,19151,23.3
IL-155,Putnam ,19153,22.2
IL-157,Randolph ,19155,30.9
LA-079,Rapides Parish,19157,48.9
VA-775,Salem City,19159,35.6
AR-127,Scott ,19161,38.7
WA-059,Skamania ,19163,30.3
LA-095,St. John the Baptist Parish,19165,52.2
TX-427,Starr ,19167,57.7
MO-215,Texas ,19169,31.7
TN-169,Trousdale ,19171,37
AL-125,Tuscaloosa ,19173,44.2
IA-181,Warren ,19175,20.8
KY-229,Washington ,19177,32.7
TX-479,Webb ,19179,54.3
NE-181,Webster ,19181,23.6
IN-181,White ,19183,23.9
CT-015,Windham ,19185,25
WV-107,Wood ,19187,30.8
,,19189,
,,19191,
,,19193,
,,19195,
,,19197,
MI-007,Alpena ,20001,17.7
TX-003,Andrews ,20003,42.1
IA-009,Audubon ,20005,18.1
GA-013,Barrow ,20007,41.9
WI-007,Bayfield ,20009,8.6
PA-015,Bradford ,20011,22.6
OK-013,Bryan ,20013,40.8
WV-011,Cabell ,20015,33.3
OK-021,Cherokee ,20017,36.7
PA-029,Chester ,20019,29.1
TX-075,Childress ,20021,38.6
MO-043,Christian ,20023,32.2
IA-041,Clay ,20025,14
AR-025,Cleveland ,20027,42
SC-029,Colleton ,20029,47.6
WA-013,Columbia ,20031,28
NY-023,Cortland ,20033,20.2
KY-055,Crittenden ,20035,33.5
IL-035,Cumberland ,20037,27.4
CO-031,Denver ,20039,29.3
GA-095,Dougherty ,20041,49.2
NE-057,Dundy ,20043,26.5
CO-037,Eagle ,20045,18.7
VA-595,Emporia City,20047,38.4
NJ-013,Essex ,20049,28.9
AL-055,Etowah ,20051,41.9
GA-109,Evans ,20053,49.3
VA-620,Franklin City,20055,39.3
OH-049,Franklin ,20057,27.8
TX-163,Frio ,20059,51.8
VA-073,Gloucester ,20061,38.3
WI-043,Grant ,20063,16.6
KS-069,Gray ,20065,29.8
WV-025,Greenbrier ,20067,29.1
VA-081,Greensville ,20069,38.4
TX-183,Gregg ,20071,45.9
GA-139,Hall ,20073,41.1
OH-065,Hardin ,20075,25.3
TX-213,Henderson ,20077,45.3
NC-091,Hertford ,20079,40
ND-041,Hettinger ,20081,11.1
OK-063,Hughes ,20083,38.5
MS-063,Jefferson ,20085,47.6
WY-019,Johnson ,20087,20.2
OK-071,Kay ,20089,33.2
ME-011,Kennebec ,20091,17
OR-035,Klamath ,20093,27.3
WI-065,Lafayette ,20095,17
CO-065,Lake ,20097,15.7
MI-087,Lapeer ,20099,20.8
KY-129,Lee ,20101,34.4
ME-015,Lincoln ,20103,19.7
OH-093,Lorain ,20105,26.1
PA-081,Lycoming ,20107,23.7
IL-117,Macoupin ,20109,27.4
CA-041,Marin ,20111,47.1
TX-333,Mills ,20113,45
KY-147,McCreary ,20115,35
ND-055,McLean ,20117,7.1
CO-079,Mineral ,20119,16.6
MS-095,Monroe ,20121,42.8
SD-101,Moody ,20123,12.1
MT-065,Musselshell ,20125,20.3
GA-217,Newton ,20127,42.8
NY-063,Niagara ,20129,23.7
NJ-029,Ocean ,20131,31.3
TX-357,Ochiltree ,20133,34
SC-073,Oconee ,20135,41.2
FL-097,Osceola ,20137,60.6
MS-109,Pearl River ,20139,49.7
MO-155,Pemiscot ,20141,36.5
SD-105,Perkins ,20143,13.8
IL-149,Pike ,20145,26.3
MS-115,Pontotoc ,20147,41.8
AR-121,Randolph ,20149,35.4
MO-177,Ray ,20151,26.1
NC-157,Rockingham ,20153,37.8
MN-135,Roseau ,20155,-0.2
KY-205,Rowan ,20157,32.5
IN-139,Rush ,20159,27
MI-145,Saginaw ,20161,21
CA-083,Santa Barbara ,20163,48
WI-113,Sawyer ,20165,7.8
NY-095,Schoharie ,20167,20.3
VA-169,Scott ,20169,35.2
ND-087,Slope ,20171,13.1
PA-111,Somerset ,20173,24.9
VA-177,Spotsylvania ,20175,34.2
WI-109,St. Croix ,20177,10.2
MO-189,St. Louis ,20179,30.1
LA-103,St. Tammany Parish,20181,50.9
IL-177,Stephenson ,20183,18.2
WY-037,Sweetwater ,20185,17.6
MD-041,Talbot ,20187,34.4
IL-179,Tazewell ,20189,23.7
MS-141,Tishomingo ,20191,39.8
NM-059,Union ,20193,31.7
LA-115,Vernon Parish,20195,48.6
WI-135,Waupaca ,20197,13.4
NY-117,Wayne ,20199,22.9
TN-185,White ,20201,36.6
CA-113,Yolo ,20203,45.6
,,20205,
,,20207,
,,20209,
KY-001,Adair ,21001,34.2
CA-003,Alpine ,21003,29.4
ME-001,Androscoggin ,21005,17.4
MI-013,Baraga ,21007,10.8
MO-013,Bates ,21009,29.8
SC-013,Beaufort ,21011,49.5
IN-007,Benton ,21013,23.7
KS-011,Bourbon ,21015,30.6
AR-011,Bradley ,21017,42.8
TX-039,Brazoria ,21019,53.1
KY-025,Breathitt ,21021,34.6
KY-027,Breckinridge ,21023,32.7
NY-005,Bronx ,21025,30.6
WV-009,Brooke ,21027,28.2
TX-053,Burnet ,21029,47
UT-005,Cache ,21031,21.3
MS-013,Calhoun ,21033,42.6
KY-037,Campbell ,21035,30.6
UT-007,Carbon ,21037,20.9
TN-017,Carroll ,21039,37.1
MN-019,Carver ,21041,10.8
ND-017,Cass ,21043,5.2
NM-003,Catron ,21045,30.3
KS-025,Clark ,21047,31.9
KS-027,Clay ,21049,26.4
NC-045,Cleveland ,21051,39.5
AL-033,Colbert ,21053,39.9
NM-009,Curry ,21055,35.4
AL-045,Dale ,21057,49.1
AL-049,DeKalb ,21059,40
IA-063,Emmet ,21061,13
KY-065,Estill ,21063,33.9
IA-065,Fayette ,21065,14.6
WI-039,Fond du Lac ,21067,15.5
GA-119,Franklin ,21069,42
ME-007,Franklin ,21071,11.8
NE-063,Frontier ,21073,24.5
NC-071,Gaston ,21075,39.9
SC-043,Georgetown ,21077,47
MT-035,Glacier ,21079,16.7
AL-063,Greene ,21081,45.2
AZ-011,Greenlee ,21083,38.4
KS-073,Greenwood ,21085,29.8
MS-043,Grenada ,21087,42.9
NC-083,Halifax ,21089,39.3
IN-061,Harrison ,21091,31.6
TX-207,Haskell ,21093,42
AR-057,Hempstead ,21095,42.3
GA-151,Henry ,21097,43.2
VA-089,Henry ,21099,36.6
MS-049,Hinds ,21101,46.6
OR-027,Hood River ,21103,29.2
MI-061,Houghton ,21105,11.9
SD-067,Hutchinson ,21107,15.7
MO-099,Jefferson ,21109,30.7
NC-101,Johnston ,21111,41.4
TX-257,Kaufman ,21113,44.4
WI-059,Kenosha ,21115,20.1
MN-071,Koochiching ,21117,1.3
SD-079,Lake ,21119,12.5
AL-075,Lamar ,21121,42.8
ID-059,Lemhi ,21123,17.9
MO-111,Lewis ,21125,24.8
MT-051,Liberty ,21127,13.5
NC-109,Lincoln ,21129,39.2
TX-295,Lipscomb ,21131,33.7
CT-005,Litchfield ,21133,22.7
KY-139,Livingston ,21135,33.8
NM-028,Los Alamos ,21137,26.8
NV-019,Lyon ,21139,31.3
CA-039,Madera ,21141,39.8
WI-075,Marinette ,21143,13.2
PA-085,Mercer ,21145,24.2
WV-055,Mercer ,21147,31.9
TX-331,Milam ,21149,47.1
WI-077,Marquette ,21151,14.7
WV-051,Marshall ,21153,28.9
TX-307,McCulloch ,21155,45.2
TX-309,McLennan ,21157,45.8
KY-163,Meade ,21159,32.3
OH-103,Medina ,21161,25.4
MT-061,Mineral ,21163,21.8
AL-097,Mobile ,21165,50.5
NJ-025,Monmouth ,21167,30.5
KY-171,Monroe ,21169,35.5
TX-343,Morris ,21171,44
TX-347,Nacogdoches ,21173,47.6
CT-011,New London ,21175,27
OH-121,Noble ,21177,28.5
IA-141,O'Brien ,21179,14.2
WI-085,Oneida ,21181,9.4
IN-119,Owen ,21183,27.4
VA-139,Page ,21185,30.7
TN-135,Perry ,21187,37.9
NV-027,Pershing ,21189,29.8
ME-021,Piscataquis ,21191,10.3
IA-151,Pocahontas ,21193,15.6
KY-197,Powell ,21195,33.4
Missing: -99,Rank out of 128 Years,21197,
UT-033,Rich ,21199,18.1
TX-407,San Jacinto ,21201,49.6
NM-047,San Miguel ,21203,33
ND-081,Sargent ,21205,7.5
MI-153,Schoolcraft ,21207,15.5
KS-183,Smith ,21209,25.3
FL-109,St. Johns ,21211,55.6
OH-151,Stark ,21213,25.6
WY-035,Sublette ,21215,12.5
OH-157,Tuscarawas ,21217,26.7
MT-105,Valley ,21219,8.8
WI-125,Vilas ,21221,8.9
OH-163,Vinton ,21223,29.4
KY-227,Warren ,21225,35.2
WV-101,Webster ,21227,29.1
NV-033,White Pine ,21229,25.6
VT-025,Windham ,21231,18.3
WI-141,Wood ,21233,12.1
MN-173,Yellow Medicine ,21235,11
,,21237,
,,21239,
LA-001,Acadia Parish,22001,51.5
VA-007,Amelia ,22003,36.8
TX-013,Atascosa ,22005,52.3
MS-007,Attala ,22007,43.9
GA-009,Baldwin ,22009,45.3
NH-001,Belknap ,22011,18.7
NE-009,Blaine ,22013,22
KY-019,Boyd ,22015,32.7
GA-037,Calhoun ,22017,49.1
MI-025,Calhoun ,22019,21.9
TX-059,Callahan ,22021,43.4
MT-009,Carbon ,22023,19.6
IL-019,Champaign ,22025,24.7
MS-023,Clarke ,22027,46.8
OK-033,Cotton ,22029,39.5
PA-045,Delaware ,22031,30.8
KS-049,Elk ,22033,31.3
PA-047,Elk ,22035,22.7
IN-039,Elkhart ,22037,22.8
PA-051,Fayette ,22039,27.7
KY-077,Gallatin ,22041,31
PA-059,Greene ,22043,28.8
IA-097,Jackson ,22045,18.7
KS-085,Jackson ,22047,25.6
LA-053,Jefferson Davis Parish,22049,51.8
WV-039,Kanawha ,22051,33.3
MN-065,Kanabec ,22053,7.7
OK-077,Latimer ,22055,39.4
AL-077,Lauderdale ,22057,39.4
GA-173,Lanier ,22059,50.4
VA-111,Lunenburg ,22061,36.7
GA-193,Macon ,22063,46.4
TN-117,Marshall ,22065,38.1
AR-099,Nevada ,22067,42.5
MS-103,Noxubee ,22069,44.2
OK-119,Payne ,22071,35.5
KY-193,Perry ,22073,34.7
AK-198,Prince of Wales-Hyder Census Area,22075,30.3
VA-155,Pulaski ,22077,32.9
KY-203,Rockcastle ,22079,33.8
ND-079,Rolette ,22081,1.4
VT-021,Rutland ,22083,16.6
NC-165,Scotland ,22085,42.5
IN-153,Sullivan ,22087,28.2
NH-019,Sullivan ,22089,17.4
KS-191,Sumner ,22091,31.6
TN-165,Sumner ,22093,36.4
FL-119,Sumter ,22095,57.8
NC-171,Surry ,22097,36
CA-101,Sutter ,22099,45.6
TX-435,Sutton ,22101,45.3
NC-173,Swain ,22103,33.9
WV-093,Tucker ,22105,26.4
NY-111,Ulster ,22107,22.5
OR-059,Umatilla ,22109,28.9
UT-051,Wasatch ,22111,20.8
PA-125,Washington ,22113,28.2
UT-053,Washington ,22115,35.2
ND-105,Williams ,22117,6.6
OK-151,Woods ,22119,32.8
MA-027,Worcester ,22121,22.8
GA-321,Worth ,22123,48.7
IA-195,Worth ,22125,12.9
,,22127,
MI-009,Antrim ,23001,18.2
OH-007,Ashtabula ,23003,24.3
TX-111,Dallam ,23005,33.4
AR-049,Fulton ,23007,34.2
IA-085,Harrison ,23009,19.3
ME-013,Knox ,23011,20
GA-171,Lamar ,23013,44.2
CA-037,Los Angeles ,23015,47.8
AK-195,Petersburg Borough,23017,21.8
VA-143,Pittsylvania ,23019,36.5
TX-377,Presidio ,23021,46.1
IN-143,Scott ,23023,30.1
MT-095,Stillwater ,23025,21.3
KY-231,Wayne ,23027,34.9
IL-195,Whiteside ,23029,20.1
,,23031,
IN-003,Allen ,24001,24
IA-007,Appanoose ,24003,22
AL-005,Barbour ,24005,47.8
TN-013,Campbell ,24009,35.1
TX-065,Carson ,24011,35.1
MT-013,Cascade ,24013,20
VA-037,Charlotte ,24015,36.1
WA-007,Chelan ,24017,23.4
NC-061,Duplin ,24019,43.3
MT-031,Gallatin ,24021,17.9
FL-043,Glades ,24023,62.4
TX-211,Hemphill ,24025,34.7
MI-069,Iosco ,24027,18.7
OH-083,Knox ,24029,25.7
NE-125,Nance ,24031,20.7
TX-391,Refugio ,24033,54.2
IA-159,Ringgold ,24035,21.1
FL-121,Suwannee ,24037,52.9
MO-207,Stoddard ,24039,34.5
KY-223,Trimble ,24041,30.7
GA-313,Whitfield ,24043,39.8
NE-185,York ,24045,22.3
,,24047,
KS-007,Barber ,24510,31.4
MO-011,Barton ,25001,32.2
WY-003,Big Horn ,25003,16.2
IL-009,Brown ,25005,25.2
NC-065,Edgecombe ,25007,40.6
VA-061,Fauquier ,25009,32
GA-121,Fulton ,25011,41.5
KY-095,Harlan ,25013,33.5
NE-083,Harlan ,25015,24.8
PA-089,Monroe ,25017,23
VA-133,Northumberland ,25019,36.2
VA-137,Orange ,25021,33.9
IL-153,Pulaski ,25023,33.3
NE-171,Thomas ,25025,22.6
,,25027,
NC-003,Alexander ,26001,38.1
NC-005,Alleghany ,26003,32.2
PA-003,Allegheny ,26005,28.2
MS-005,Amite ,26007,48.5
CO-005,Arapahoe ,26009,27.1
LA-005,Ascension Parish,26011,51.7
WI-005,Barron ,26013,9
AR-005,Baxter ,26015,34.9
UT-001,Beaver ,26017,27.3
TX-029,Bexar ,26019,50.9
ID-011,Bingham ,26021,19.8
AK-060,Bristol Bay Borough,26023,15.8
MO-029,Camden ,26025,31
MD-015,Cecil ,26027,31.2
AL-019,Cherokee ,26029,41.4
VA-041,Chesterfield ,26031,37.4
MS-021,Claiborne ,26033,47.2
OR-007,Clatsop ,26035,38.3
MO-051,Cole ,26037,30.2
KY-057,Cumberland ,26039,35.6
AK-070,Dillingham Census Area,26041,11.9
CO-035,Douglas ,26043,28.1
KY-063,Elliott ,26045,32.7
SC-039,Fairfield ,26047,43
MT-037,Golden Valley ,26049,21
UT-019,Grand ,26051,24.3
KS-067,Grant ,26053,30.5
NE-077,Greeley ,26055,20.4
VA-079,Greene ,26057,32.5
TX-227,Howard ,26059,43.3
IA-093,Ida ,26061,16.6
AR-067,Jackson ,26063,37.4
OH-079,Jackson ,26065,30.1
OR-029,Jackson ,26067,35
SD-071,Jackson ,26069,19.8
LA-049,Jackson Parish,26071,45.2
MO-097,Jasper ,26073,33.1
MT-043,Jefferson ,26075,19.8
VA-101,King William ,26077,36.8
KS-095,Kingman ,26079,30.6
TN-093,Knox ,26081,37.7
CO-067,La Plata ,26083,23.6
IL-101,Lawrence ,26085,29.8
TX-287,Lee ,26087,48.7
WV-043,Lincoln ,26089,34
IA-113,Linn ,26091,17.5
MI-097,Mackinac ,26093,15.5
OK-093,Major ,26095,34.1
FL-083,Marion ,26097,56.6
GA-197,Marion ,26099,46.4
MI-105,Mason ,26101,20.7
OK-091,McIntosh ,26103,38.3
TX-325,Medina ,26105,50.7
SD-099,Minnehaha ,26107,13.3
CA-049,Modoc ,26109,28.7
WI-081,Monroe ,26111,12.9
TN-125,Montgomery ,26113,36.4
MN-097,Morrison ,26115,7.1
OR-051,Multnomah ,26117,36.5
KY-179,Nelson ,26119,32.9
MA-021,Norfolk ,26121,26
WA-047,Okanogan ,26123,21
MI-137,Otsego ,26125,15.9
MI-139,Ottawa ,26127,23.2
LA-073,Ouachita Parish,26129,45.4
IN-121,Parke ,26131,26.4
KY-191,Pendleton ,26133,31
WV-071,Pendleton ,26135,28.6
WI-091,Pepin ,26137,12.2
NC-143,Perquimans ,26139,41
TX-387,Red River ,26141,42.2
CA-087,Santa Cruz ,26143,47.6
IA-163,Scott ,26145,20.4
TN-163,Sullivan ,26147,35.9
MS-133,Sunflower ,26149,43.2
KY-211,Shelby ,26151,31.5
NM-051,Sierra ,26153,38.3
SD-117,Stanley ,26155,16
KS-199,Wallace ,26157,27.9
ME-029,Washington ,26159,17.2
SC-089,Williamsburg ,26161,46.3
VT-027,Windsor ,26163,16.6
OH-175,Wyandot ,26165,25.5
NY-001,Albany ,27001,21.5
GA-001,Appling ,27003,49.8
GA-017,Ben Hill ,27005,48.3
MS-009,Benton ,27007,39.6
MA-003,Berkshire ,27009,20.4
TX-031,Blanco ,27011,47.8
IA-015,Boone ,27013,17.7
IA-019,Buchanan ,27015,16
VA-035,Carroll ,27017,32.6
NC-035,Catawba ,27019,38.7
IA-031,Cedar ,27021,19.3
TN-025,Claiborne ,27023,35.6
WA-009,Clallam ,27025,36.2
OK-027,Cleveland ,27027,37.4
GA-067,Cobb ,27029,41.1
OK-035,Craig ,27031,34.4
WI-023,Crawford ,27033,15.5
SD-033,Custer ,27035,21.5
UT-011,Davis ,27037,26.2
AR-043,Drew ,27039,42.7
GA-099,Early ,27041,49.6
WI-037,Florence ,27043,10.4
ND-031,Foster ,27045,4.4
NE-069,Garden ,27047,23.2
OK-053,Grant ,27049,32.9
AR-055,Greene ,27051,36.3
NC-093,Hoke ,27053,42.2
AR-063,Independence ,27055,36.8
MI-071,Iron ,27057,9.3
SC-053,Jasper ,27059,48.8
TX-243,Jeff Davis ,27061,43.2
NE-095,Jefferson ,27063,23.4
CA-031,Kings ,27065,45.3
SD-077,Kingsbury ,27067,11.2
MN-075,Lake ,27069,3.9
NE-109,Lancaster ,27071,22.2
IN-091,LaPorte ,27073,23.1
IN-093,Lawrence ,27075,28.8
SD-081,Lawrence ,27077,20.9
ID-063,Lincoln ,27079,21.6
TN-105,Loudon ,27081,38.4
AL-093,Marion ,27083,41.3
AR-091,Miller ,27085,43.8
IN-101,Martin ,27087,29
MN-085,McLeod ,27089,10.3
SD-093,Meade ,27091,18.4
MO-133,Mississippi ,27093,34.6
AL-101,Montgomery ,27095,47.1
MO-145,Newton ,27097,33.7
IN-113,Noble ,27099,23
MO-147,Nodaway ,27101,22.8
NC-133,Onslow ,27103,44.4
IN-117,Orange ,27105,30
SC-075,Orangeburg ,27107,46.3
TX-363,Palo Pinto ,27109,43
IL-145,Perry ,27111,30.7
NC-147,Pitt ,27113,42
KS-151,Pratt ,27115,30.2
MS-117,Prentiss ,27117,40.3
IN-133,Putnam ,27119,26.3
TX-379,Rains ,27121,43.2
VA-770,Roanoke City,27123,35.8
OK-129,Roger Mills ,27125,35
MT-085,Roosevelt ,27127,7.7
OH-141,Ross ,27129,29
KS-165,Rush ,27131,28.5
UT-037,San Juan ,27133,28.6
NM-049,Santa Fe ,27135,29
DE-005,Sussex ,27137,34.5
MS-129,Smith ,27139,46.6
MN-137,St. Louis ,27141,3.1
KS-187,Stanton ,27143,30.9
TX-439,Tarrant ,27145,44.2
MS-137,Tate ,27147,40.9
VA-185,Tazewell ,27149,31.6
KS-195,Trego ,27151,28.3
NE-175,Valley ,27153,20.7
IN-165,Vermillion ,27155,26.4
WI-133,Waukesha ,27157,17.7
WI-137,Waushara ,27159,13.8
MI-165,Wexford ,27161,17.8
IN-183,Whitley ,27163,23.7
TN-187,Williamson ,27165,37.4
AK-290,Yukon-Koyukuk Census Area,27167,-7.1
,,27169,
,,27171,
,,27173,
MS-001,Adams ,28001,48.2
VA-510,Alexandria City,28003,34.2
TN-001,Anderson ,28005,36.5
NC-011,Avery ,28007,31.4
NM-001,Bernalillo ,28009,32.2
MO-019,Boone ,28011,28.1
NJ-007,Camden ,28013,31.6
KY-045,Casey ,28015,33.4
NM-006,Cibola ,28017,29
PA-031,Clarion ,28019,24.3
GA-059,Clarke ,28021,42.3
WV-015,Clay ,28023,32.6
GA-065,Clinch ,28025,51.2
FL-021,Collier ,28027,64.6
GA-079,Crawford ,28029,45.5
GA-081,Crisp ,28031,47.4
NE-053,Dodge ,28033,20.1
TX-159,Franklin ,28035,43.3
IL-057,Fulton ,28037,24
VA-075,Goochland ,28039,35.9
NC-081,Guilford ,28041,38.2
IL-065,Hamilton ,28043,31.2
KY-097,Harrison ,28045,31.4
IL-073,Henry ,28047,21
MO-091,Howell ,28049,32.8
IA-091,Humboldt ,28051,15.5
MS-055,Issaquena ,28053,45.2
GA-161,Jeff Davis ,28055,49
AL-073,Jefferson ,28057,43.1
NY-045,Jefferson ,28059,16.8
IL-083,Jersey ,28061,28.3
OK-069,Johnston ,28063,40.1
MI-079,Kalkaska ,28065,17.2
SC-055,Kershaw ,28067,43.2
WA-039,Klickitat ,28069,28.7
IL-099,LaSalle ,28071,21.6
MN-079,Le Sueur ,28073,11.7
ID-061,Lewis ,28075,26.4
TX-291,Liberty ,28077,51.1
KY-137,Lincoln ,28079,33.2
OK-081,Lincoln ,28081,36.7
WI-069,Lincoln ,28083,9.8
VA-107,Loudoun ,28085,31.3
KY-153,Magoffin ,28087,33.9
AL-095,Marshall ,28089,41
OK-089,McCurtain ,28091,40.4
TN-107,McMinn ,28093,38.7
OH-117,Morrow ,28095,25.2
MA-019,Nantucket ,28097,30.8
GA-219,Oconee ,28099,42.6
TX-359,Oldham ,28101,35.3
MI-135,Oscoda ,28103,16.6
IA-145,Page ,28105,21.6
MT-071,Phillips ,28107,12.2
PA-103,Pike ,28109,22.6
WV-075,Pocahontas ,28111,26.5
MT-077,Powell ,28113,18.3
MS-119,Quitman ,28115,41.6
TX-385,Real ,28117,47.9
CO-105,Rio Grande ,28119,17
IL-161,Rock Island ,28121,21
TN-159,Smith ,28123,37.3
AL-115,St. Clair ,28125,42.5
IN-149,Starke ,28127,23
TX-431,Sterling ,28129,43.4
TX-445,Terry ,28131,40
TX-451,Tom Green ,28133,44.6
SD-123,Tripp ,28135,18.8
MS-143,Tunica ,28137,40.9
WV-097,Upshur ,28139,30
TX-463,Uvalde ,28141,50.6
FL-129,Wakulla ,28143,52.3
MS-149,Warren ,28145,46.4
TN-181,Wayne ,28147,38.1
LA-119,Webster Parish,28149,44.9
KY-235,Whitley ,28151,35.4
TX-495,Winkler ,28153,43.1
IA-193,Woodbury ,28155,17.2
CO-125,Yuma ,28157,26.5
,,28159,
,,28161,
,,28163,
MO-001,Adair ,29001,23.3
NC-007,Anson ,29003,42
OH-011,Auglaize ,29005,25.5
LA-009,Avoyelles Parish,29007,49.5
FL-005,Bay ,29009,52.3
TX-023,Baylor ,29011,41
NC-013,Beaufort ,29013,43.1
GA-019,Berrien ,29015,49.6
NE-011,Boone ,29017,19.7
KY-017,Bourbon ,29019,31.7
AL-011,Bullock ,29021,46.8
OK-015,Caddo ,29023,36.4
SC-017,Calhoun ,29025,45.9
TX-063,Camp ,29027,44
GA-043,Candler ,29029,48.2
IA-027,Carroll ,29031,17.2
IL-017,Cass ,29033,25.4
TX-067,Cass ,29035,44.5
MO-039,Cedar ,29037,31.7
GA-049,Charlton ,29039,51.9
TN-021,Cheatham ,29041,37
KY-049,Clark ,29043,32.4
KY-051,Clay ,29045,34.9
IL-027,Clinton ,29047,29.6
TX-083,Coleman ,29049,44.3
NC-047,Columbus ,29051,44.8
AR-031,Craighead ,29053,37
ME-005,Cumberland ,29055,19
MO-061,Daviess ,29057,24.6
SD-037,Day ,29059,8.2
GA-089,DeKalb ,29061,41.8
OK-043,Dewey ,29063,34.3
VA-053,Dinwiddie ,29065,37.6
LA-033,East Baton Rouge Parish,29067,50.9
KY-061,Edmonson ,29069,34.5
IN-049,Fulton ,29071,23.2
TX-173,Glasscock ,29073,43.2
TX-177,Gonzales ,29075,51
FL-045,Gulf ,29077,52.5
NY-041,Hamilton ,29079,14.2
IN-065,Henry ,29081,25.7
NE-091,Hooker ,29083,22.1
GA-153,Houston ,29085,46.5
MS-053,Humphreys ,29087,44.5
IA-095,Iowa ,29089,18.7
TX-235,Irion ,29091,44.1
VA-095,James City ,29093,38.6
OH-081,Jefferson ,29095,27.6
KY-113,Jessamine ,29097,32.5
GA-169,Jones ,29099,44.8
DE-001,Kent ,29101,32.9
MS-073,Lamar ,29103,48.8
CO-069,Larimer ,29105,22.5
CA-035,Lassen ,29107,29.1
OH-089,Licking ,29109,26.8
MI-093,Livingston ,29111,21
IA-115,Louisa ,29113,21.5
SD-085,Lyman ,29115,16.7
MI-099,Macomb ,29117,22.8
NH-013,Merrimack ,29119,19.1
KS-115,Marion ,29121,28.4
IL-123,Marshall ,29123,22.3
AK-170,Matanuska-Susitna Borough,29125,7.4
MO-119,McDonald ,29127,34.4
CA-051,Mono ,29129,27.2
IL-135,Montgomery ,29131,27.5
VA-121,Montgomery ,29133,33.1
GA-211,Morgan ,29135,43
OR-049,Morrow ,29137,29.9
CA-055,Napa ,29139,45.1
MO-143,New Madrid ,29141,35.3
WV-069,Ohio ,29143,28.3
ND-065,Oliver ,29145,8.5
NY-071,Orange ,29147,24.4
NE-133,Pawnee ,29149,23.6
TX-371,Pecos ,29151,45
VA-730,Petersburg City,29153,38.2
MN-115,Pine ,29155,7.1
AR-111,Poinsett ,29157,37.8
NC-149,Polk ,29159,39.8
OR-053,Polk ,29161,38.4
ID-077,Power ,29163,22.4
VA-153,Prince William ,29165,33.2
MO-171,Putnam ,29167,22.8
NE-147,Richardson ,29169,24.1
LA-083,Richland Parish,29171,46
WV-087,Roane ,29173,32
MN-133,Rock ,29175,12.7
VA-165,Rockingham ,29177,31
NC-159,Rowan ,29179,38.9
NE-151,Saline ,29181,22.6
MO-211,Sullivan ,29183,23.7
SD-119,Sully ,29185,13.2
NM-055,Taos ,29186,22.1
UT-043,Summit ,29187,19.5
NJ-037,Sussex ,29189,24.5
NE-157,Scotts Bluff ,29195,24.8
KY-213,Simpson ,29197,35.5
ND-085,Sioux ,29199,10.2
TX-423,Smith ,29201,45.3
LA-089,St. Charles Parish,29203,53.2
IN-141,St. Joseph ,29205,22.9
LA-109,Terrebonne Parish,29207,54.2
ID-081,Teton ,29209,16.9
WA-067,Thurston ,29211,37.8
OH-155,Trumbull ,29213,24.5
IA-175,Union ,29215,20.2
TN-179,Washington ,29217,36.7
CO-123,Weld ,29219,25.4
WA-075,Whitman ,29221,28.3
LA-127,Winn Parish,29223,46.6
IL-203,Woodford ,29225,22.6
,,29227,
,,29229,
PA-115,Susquehanna ,29510,22.1
MN-007,Beltrami ,30001,1.8
OK-011,Blaine ,30003,34.9
ID-015,Boise ,30005,22.9
KS-013,Brown ,30007,24.7
MD-013,Carroll ,30009,29.9
ID-031,Cassia ,30011,24.2
GA-047,Catoosa ,30013,39.7
ID-033,Clark ,30015,16.1
PA-043,Dauphin ,30017,27.2
IL-039,De Witt ,30019,24.3
IN-035,Delaware ,30021,25.8
OR-017,Deschutes ,30023,27.5
TX-151,Fisher ,30025,42.2
NC-067,Forsyth ,30027,37.4
FL-037,Franklin ,30029,52.9
IN-051,Gibson ,30031,31
VA-071,Giles ,30033,31.8
TN-057,Grainger ,30035,36.6
KY-081,Grant ,30037,30.8
KY-087,Green ,30039,34
IA-089,Howard ,30041,12.7
IA-105,Jones ,30043,17.9
TX-267,Kimble ,30045,45.8
KY-127,Lawrence ,30047,33.3
TX-297,Live Oak ,30049,53.8
KS-109,Logan ,30051,28
VA-109,Louisa ,30053,34.8
NJ-021,Mercer ,30055,29.8
IN-099,Marshall ,30057,22.8
WV-057,Mineral ,30059,30
MS-097,Montgomery ,30061,43.1
MI-119,Montmorency ,30063,16.7
NC-131,Northampton ,30065,39.2
AL-107,Pickens ,30067,44.1
NE-143,Polk ,30069,21.3
OK-123,Pontotoc ,30071,39
GA-239,Quitman ,30073,47.9
WV-083,Randolph ,30075,26.7
MS-121,Rankin ,30077,46.3
KS-153,Rawlins ,30079,26.6
NH-015,Rockingham ,30081,22.5
KS-167,Russell ,30083,27.6
CA-085,Santa Clara ,30085,45.7
FL-113,Santa Rosa ,30087,51.3
AL-117,Shelby ,30089,43.7
FL-111,St. Lucie ,30091,62.6
ND-089,Stark ,30093,10.8
LA-107,Tensas Parish,30095,47.3
TX-453,Travis ,30097,48.4
IL-181,Union ,30099,32.1
TX-467,Van Zandt ,30101,44.1
WI-123,Vernon ,30103,14.1
IN-175,Washington ,30105,29.8
PA-131,Wyoming ,30107,22.9
TX-501,Yoakum ,30109,39.3
,,30111,
NE-001,Adams ,31001,22.9
TX-007,Aransas ,31003,54.3
LA-007,Assumption Parish,31005,52.6
SC-011,Barnwell ,31007,46
MS-011,Bolivar ,31009,42.4
TX-037,Bowie ,31011,43.2
GA-025,Brantley ,31013,50.9
TX-041,Brazos ,31015,48.6
MO-021,Buchanan ,31017,25.8
ND-015,Burleigh ,31019,6.8
SD-019,Butte ,31021,17.9
LA-017,Caddo Parish,31023,45.7
NE-027,Cedar ,31025,17.5
KS-017,Chase ,31027,28.4
SC-021,Cherokee ,31029,40.5
MN-025,Chisago ,31031,9.6
AK-063,Chugach Census Area,31033,15.8
IN-023,Clinton ,31035,24.8
KS-033,Comanche ,31037,31.5
WI-025,Dane ,31039,16.7
NC-057,Davidson ,31041,38.6
SD-035,Davison ,31043,15.1
TN-041,DeKalb ,31045,37.3
IA-055,Delaware ,31047,16.1
WI-027,Dodge ,31049,16.4
SD-043,Douglas ,31051,16.5
IN-037,Dubois ,31053,30.5
LA-035,East Carroll Parish,31055,45.1
SC-037,Edgefield ,31057,44.4
IN-045,Fountain ,31059,25.3
KY-075,Fulton ,31061,35.3
KY-079,Garrard ,31063,33.3
ID-045,Gem ,31065,26.6
NY-037,Genesee ,31067,22.3
FL-041,Gilchrist ,31069,54.1
TX-171,Gillespie ,31071,46.9
WV-023,Grant ,31073,28.8
GA-133,Greene ,31075,43.5
SD-053,Gregory ,31077,18.4
GA-143,Haralson ,31079,40.8
TN-071,Hardin ,31081,39
IL-071,Henderson ,31083,22.7
OH-071,Highland ,31085,28.6
NJ-017,Hudson ,31087,30.7
TN-085,Humphreys ,31089,37.1
IN-069,Huntington ,31091,24.6
WI-049,Iowa ,31093,16.1
MS-067,Jones ,31095,47.8
MD-029,Kent ,31097,32.9
MN-069,Kittson ,31099,-0.2
TX-273,Kleberg ,31101,55.9
TX-283,La Salle ,31103,53
KS-099,Labette ,31105,32.7
TX-277,Lamar ,31107,42.1
AR-077,Lee ,31109,40.2
NE-115,Loup ,31111,20.7
AL-089,Madison ,31113,40.2
OH-097,Madison ,31115,27
WI-079,Milwaukee ,31117,19.7
IA-127,Marshall ,31119,17.7
IL-133,Monroe ,31121,30.9
AR-101,Newton ,31123,34.8
PA-097,Northumberland ,31125,25.8
MI-127,Oceana ,31127,20.9
NY-075,Oswego ,31129,19.9
IL-143,Peoria ,31131,22.9
IN-125,Pike ,31133,30.3
MO-165,Platte ,31135,26.6
TN-139,Polk ,31137,38.7
VA-740,Portsmouth City,31139,40.7
RI-007,Providence ,31141,26.1
NY-079,Putnam ,31143,24.8
KS-163,Rooks ,31145,27.1
WI-107,Rusk ,31147,9.4
WA-055,San Juan ,31149,38.5
GA-251,Screven ,31151,47.1
KS-181,Sherman ,31153,27.1
OR-055,Sherman ,31155,30
PA-109,Snyder ,31157,26.5
LA-087,St. Bernard Parish,31159,52.8
LA-099,St. Martin Parish,31161,52
KS-185,Stafford ,31163,29.3
VA-790,Staunton City,31165,32.5
GA-265,Taliaferro ,31167,43.6
MS-145,Union ,31169,40.9
NC-179,Union ,31171,41.5
OR-061,Union ,31173,25.6
IA-183,Washington ,31175,20.3
MT-109,Wibaux ,31177,13
IL-201,Winnebago ,31179,19
KY-239,Woodford ,31181,32.1
VA-197,Wythe ,31183,32.4
,,31185,
MO-045,Clark ,32001,24.1
MN-027,Clay ,32003,4.6
LA-037,East Feliciana Parish,32005,49.8
VA-057,Essex ,32007,36.3
AR-045,Faulkner ,32009,39.2
OH-047,Fayette ,32011,27.6
VA-093,Isle of Wight ,32013,39.5
IA-111,Lee ,32015,23.6
OK-085,Love ,32017,40.9
AR-089,Marion ,32019,34.8
MO-139,Montgomery ,32021,27.8
NM-035,Otero ,32023,38.7
GA-233,Polk ,32027,41.1
WY-039,Teton ,32029,14
VA-830,Williamsburg City,32031,38.6
NY-123,Yates ,32033,22.4
MO-037,Cass ,32510,28
AR-007,Benton ,33001,35
IN-017,Cass ,33003,24.2
AL-023,Choctaw ,33005,47.1
TX-103,Crane ,33007,44.5
MI-057,Gratiot ,33009,20.8
NE-093,Howard ,33011,21.6
IN-105,Monroe ,33013,27.6
TX-411,San Saba ,33015,45.8
OK-139,Texas ,33017,33.1
GA-277,Tift ,33019,48.8
TX-015,Austin ,34001,50.5
AL-007,Bibb ,34003,44.3
PA-019,Butler ,34005,25.9
TN-015,Cannon ,34007,37.4
KY-041,Carroll ,34009,31
AL-047,Dallas ,34011,46.8
AL-057,Fayette ,34013,42.8
MT-039,Granite ,34015,19
MO-093,Iron ,34017,31
AR-065,Izard ,34019,35.4
IA-133,Monona ,34021,18.2
TN-123,Monroe ,34023,38.1
IL-137,Morgan ,34025,25.8
IN-111,Newton ,34027,23.3
KS-143,Ottawa ,34029,27
WA-053,Pierce ,34031,33.5
MN-139,Scott ,34033,11.6
NC-169,Stokes ,34035,36.9
NM-057,Torrance ,34037,30.6
MO-219,Warren ,34039,28.3
IN-179,Wells ,34041,24.7
MN-011,Big Stone ,35001,9
MD-017,Charles ,35003,34.6
TN-023,Chester ,35005,38.2
OH-023,Clark ,35006,26.8
OK-031,Comanche ,35007,38.3
VA-590,Danville City,35009,37.8
OK-041,Delaware ,35011,35.4
MA-007,Dukes ,35013,30.1
KS-053,Ellsworth ,35015,28.1
IL-061,Greene ,35017,27.5
TN-065,Hamilton ,35019,39
NC-087,Haywood ,35021,33
MN-055,Houston ,35023,14.2
KS-105,Lincoln ,35025,27
TX-301,Loving ,35027,43.7
MS-089,Madison ,35028,45.9
VA-683,Manassas City,35029,33
TX-329,Midland ,35031,43.4
KS-135,Ness ,35033,29
ME-019,Penobscot ,35035,13.8
VA-159,Richmond ,35037,36.2
NJ-033,Salem ,35039,31.9
AZ-023,Santa Cruz ,35041,44.3
IL-173,Shelby ,35043,26.8
AR-133,Sevier ,35045,41.3
AR-135,Sharp ,35047,35.1
MN-141,Sherburne ,35049,9
IL-175,Stark ,35051,21.7
GA-259,Stewart ,35053,47.2
CA-107,Tulare ,35055,38.1
IN-163,Vanderburgh ,35057,32.1
NJ-041,Warren ,35059,25.2
ID-087,Washington ,35061,25.2
AK-013,Aleutians East Borough,36001,25.2
KS-001,Allen ,36003,30.4
MN-015,Brown ,36005,11.9
WI-009,Brown ,36007,15.1
SD-023,Charles Mix ,36009,17.8
FL-015,Charlotte ,36011,62.4
SC-023,Chester ,36013,41.9
KS-023,Cheyenne ,36015,27.1
NE-033,Cheyenne ,36017,25.1
IL-029,Coles ,36019,26.5
MN-031,Cook ,36021,4.7
IA-047,Crawford ,36023,17.4
ND-021,Dickey ,36025,7.7
IL-049,Effingham ,36027,27.8
TX-145,Falls ,36029,46.2
GA-113,Fayette ,36031,42.9
NY-035,Fulton ,36033,18.2
NC-073,Gates ,36035,40
ND-033,Golden Valley ,36037,12.3
CO-051,Gunnison ,36039,16.5
TX-199,Hardin ,36041,50.3
TX-223,Hopkins ,36043,43
NC-103,Jones ,36045,43.4
LA-057,Lafourche Parish,36047,54
MO-117,Livingston ,36049,25.4
AL-087,Macon ,36051,46.5
KS-117,Marshall ,36053,24.5
KS-129,Morton ,36055,32
NC-127,Nash ,36057,39.6
OK-105,Nowata ,36059,34
FL-091,Okaloosa ,36061,50.9
NY-065,Oneida ,36063,18.4
MS-107,Panola ,36065,41.6
CO-093,Park ,36067,19.5
WY-029,Park ,36069,17.1
NC-139,Pasquotank ,36071,40.9
OK-117,Pawnee ,36073,35
MN-113,Pennington ,36075,1.6
NE-135,Perkins ,36077,24.7
VA-760,Richmond City,36079,37.2
NM-039,Rio Arriba ,36081,23.6
MT-087,Rosebud ,36083,17.1
IA-161,Sac ,36085,16.3
NM-043,Sandoval ,36087,28.8
VA-181,Surry ,36089,38.9
ND-083,Sheridan ,36091,5.4
MI-155,Shiawassee ,36093,21.2
CA-091,Sierra ,36095,31.7
MS-127,Simpson ,36097,47
AK-240,Southeast Fairbanks Census Area,36099,-6.9
WI-119,Taylor ,36101,9.6
TX-447,Throckmorton ,36103,42
OR-057,Tillamook ,36105,38.1
LA-111,Union Parish,36107,44.5
TN-175,Van Buren ,36109,36.2
WI-127,Walworth ,36111,18.4
ND-103,Wells ,36113,4.4
KS-203,Wichita ,36115,28.2
IA-189,Winnebago ,36117,13.1
MO-227,Worth ,36119,22.2
,,36121,
,,36123,
VA-003,Albemarle ,37001,34.2
MI-005,Allegan ,37003,23.3
KY-003,Allen ,37005,35.6
VA-011,Appomattox ,37007,35.4
KS-005,Atchison ,37009,25.9
AL-003,Baldwin ,37011,51
VA-019,Bedford ,37013,35.3
IA-013,Black Hawk ,37015,16.3
TN-009,Blount ,37017,37.9
NE-019,Buffalo ,37019,22.3
AL-013,Butler ,37021,47.5
KY-031,Butler ,37023,34.5
LA-021,Caldwell Parish,37025,46.4
TX-057,Calhoun ,37027,53.6
ID-027,Canyon ,37029,29
LA-025,Catahoula Parish,37031,47.8
TX-071,Chambers ,37033,52.1
MO-041,Chariton ,37035,26.2
NE-031,Cherry ,37037,21
AL-021,Chilton ,37039,44.7
IL-023,Clark ,37041,27.5
IA-045,Clinton ,37043,19.7
SD-029,Codington ,37045,8.7
MS-029,Copiah ,37047,47.3
AR-037,Cross ,37049,38.8
AR-039,Dallas ,37051,42
MT-019,Daniels ,37053,6.5
IN-029,Dearborn ,37055,29.3
KS-039,Decatur ,37057,26
MT-023,Deer Lodge ,37059,17.7
TX-137,Edwards ,37061,47
GA-103,Effingham ,37063,48.7
GA-107,Emanuel ,37065,47.4
VA-067,Franklin ,37067,35.4
OH-051,Fulton ,37069,23.7
CA-021,Glenn ,37071,43.4
NJ-015,Gloucester ,37073,31.7
TX-179,Gray ,37075,35.2
TN-059,Greene ,37077,37.1
IA-077,Guthrie ,37079,18.6
GA-141,Hancock ,37081,44.7
VA-085,Hanover ,37083,36.2
NC-089,Henderson ,37085,36.7
FL-055,Highlands ,37087,61.3
CO-053,Hinsdale ,37089,16.9
AR-059,Hot Spring ,37091,41.2
SD-065,Hughes ,37093,14.6
IL-077,Jackson ,37095,31.4
WV-035,Jackson ,37097,32
OK-067,Jefferson ,37099,40.4
KY-117,Kenton ,37101,30.3
AK-130,Ketchikan Gateway Borough,37103,26.3
OR-041,Lincoln ,37105,40.8
KS-107,Linn ,37107,29.7
AL-085,Lowndes ,37109,47.2
KY-169,Metcalfe ,37111,34.5
KY-155,Marion ,37113,33.2
KY-157,Marshall ,37115,35.1
MT-059,Meagher ,37117,18.3
WV-059,Mingo ,37119,34.5
NC-125,Moore ,37121,41.2
FL-089,Nassau ,37123,52.7
NE-127,Nemaha ,37125,23.7
KS-137,Norton ,37127,25.9
IL-141,Ogle ,37129,19.2
NY-073,Orleans ,37131,23.1
MT-067,Park ,37133,18.2
NJ-031,Passaic ,37135,26.4
KS-147,Phillips ,37137,26
ND-069,Pierce ,37139,2.7
MN-117,Pipestone ,37141,11.4
WY-031,Platte ,37143,24.2
IA-153,Polk ,37145,19.6
WV-077,Preston ,37147,27.5
OH-137,Putnam ,37149,25
NE-149,Rock ,37151,19.9
CA-067,Sacramento ,37153,45.8
NM-045,San Juan ,37155,28
SD-111,Sanborn ,37157,13.9
NE-153,Sarpy ,37159,21.5
MO-197,Schuyler ,37161,22.7
AR-131,Sebastian ,37163,38.7
CA-093,Siskiyou ,37165,32.9
GA-263,Talbot ,37167,45.2
GA-273,Terrell ,37169,48.2
NY-109,Tompkins ,37171,21.7
MN-155,Traverse ,37173,8
LA-113,Vermilion Parish,37175,52.5
FL-131,Walton ,37177,50.8
NY-113,Warren ,37179,16.3
MO-221,Washington ,37181,30.3
IN-177,Wayne ,37183,26.1
LA-121,West Baton Rouge Parish,37185,51.2
TX-485,Wichita ,37187,40.2
IL-199,Williamson ,37189,31.7
WI-139,Winnebago ,37191,15
CA-115,Yuba ,37193,44.5
,,37195,
,,37197,
,,37199,
ND-001,Adams ,38001,12
KS-009,Barton ,38003,28.5
MI-019,Benzie ,38005,19.2
VA-021,Bland ,38007,31.8
KY-021,Boyle ,38009,32.9
MI-023,Branch ,38011,22.3
MO-023,Butler ,38013,34.9
NE-023,Butler ,38015,21.1
PA-027,Centre ,38017,25.1
SC-019,Charleston ,38019,48.4
MD-019,Dorchester ,38021,34.8
NV-005,Douglas ,38023,31.2
SD-045,Edmunds ,38025,10
AL-051,Elmore ,38027,46.1
SD-047,Fall River ,38029,21.4
LA-041,Franklin Parish,38031,46.8
MN-051,Grant ,38033,6.7
VA-077,Grayson ,38035,31.3
IN-055,Greene ,38037,27.9
IN-057,Hamilton ,38039,25.9
WY-017,Hot Springs ,38041,18.9
LA-059,La Salle Parish,38043,47.6
PA-075,Lebanon ,38045,27.3
AR-087,Madison ,38047,35
FL-086,Miami-Dade ,38049,65.9
MA-017,Middlesex ,38051,24.3
MI-111,Midland ,38053,20.4
UT-027,Millard ,38055,27.6
WV-061,Monongalia ,38057,29.3
KY-181,Nicholas ,38059,31.6
WY-027,Niobrara ,38061,20.7
MI-125,Oakland ,38063,21.3
IA-147,Palo Alto ,38065,14.2
AZ-021,Pinal ,38067,49.5
IN-129,Posey ,38069,32.2
VA-161,Roanoke ,38071,34.4
VA-163,Rockbridge ,38073,33.2
CO-107,Routt ,38075,18
KY-207,Russell ,38077,34.5
UT-039,Sanpete ,38079,23.1
WY-033,Sheridan ,38081,18.5
LA-101,St. Mary Parish,38083,52.8
MO-186,Ste. Genevieve ,38085,31.2
TX-429,Stephens ,38087,42.6
MS-135,Tallahatchie ,38089,42.5
GA-267,Tattnall ,38091,49.6
NE-169,Thayer ,38093,23.3
PA-121,Venango ,38095,23.8
IL-183,Vermilion ,38097,25.2
PA-127,Wayne ,38099,21.9
UT-057,Weber ,38101,23.1
MD-047,Worcester ,38103,36.1
SD-137,Ziebach ,38105,14.9
OH-001,Adams ,39001,30.3
CA-005,Amador ,39003,43.1
MO-005,Atchison ,39005,23.2
NJ-001,Atlantic ,39007,31.9
VA-015,Augusta ,39009,31.5
GA-005,Bacon ,39011,50.1
MN-009,Benton ,39013,8.1
VA-027,Buchanan ,39015,33.6
CA-009,Calaveras ,39017,43.3
IA-029,Cass ,39019,19.7
NM-005,Chaves ,39021,38.8
MS-025,Clay ,39023,43.3
TN-029,Cocke ,39025,37.4
NE-037,Colfax ,39027,20.1
AL-037,Coosa ,39029,44.5
MI-039,Crawford ,39031,16.4
NJ-011,Cumberland ,39033,31.9
IN-027,Daviess ,39035,29.3
GA-087,Decatur ,39037,50.7
AR-041,Desha ,39039,42.3
IA-059,Dickinson ,39041,13.1
GA-111,Fannin ,39043,37.5
WA-019,Ferry ,39045,20.5
IL-053,Ford ,39047,23.5
PA-057,Fulton ,39049,28.1
KS-061,Geary ,39051,27.1
TN-053,Gibson ,39053,36.7
GA-127,Glynn ,39055,51.8
GA-135,Gwinnett ,39057,41.4
SC-049,Hampton ,39059,47.5
NM-021,Harding ,39061,33.1
MS-047,Harrison ,39063,50.6
TN-073,Hawkins ,39065,36.6
IA-087,Henry ,39067,22
AK-105,Hoonah-Angoon Census Area,39069,21.8
TX-225,Houston ,39071,47.7
TX-229,Hudspeth ,39073,41.9
NV-013,Humboldt ,39075,28.5
CO-057,Jackson ,39077,16.2
OR-031,Jefferson ,39079,29.9
SD-075,Jones ,39081,17.9
TX-279,Lamb ,39083,37.3
MS-077,Lawrence ,39085,48.2
AL-083,Limestone ,39087,39.9
NE-113,Logan ,39089,22.7
FL-079,Madison ,39091,51.8
KY-151,Madison ,39093,33.4
OH-099,Mahoning ,39095,25
MN-089,Marshall ,39097,1
KY-159,Martin ,39099,34.5
IL-109,McDonough ,39101,23.6
MI-113,Missaukee ,39103,17.2
MT-063,Missoula ,39105,20.4
AL-099,Monroe ,39107,48.4
MO-137,Monroe ,39109,26.1
ND-059,Morton ,39111,8.9
NY-059,Nassau ,39113,30.6
NY-061,New York ,39115,30.9
TX-351,Newton ,39117,49.2
MN-107,Norman ,39119,3.6
CA-059,Orange ,39121,54
AL-105,Perry ,39123,45.6
GA-231,Pike ,39125,44.1
LA-077,Pointe Coupee Parish,39127,50.7
IL-151,Pope ,39129,32.7
IA-157,Poweshiek ,39131,18.6
MO-173,Ralls ,39133,26.2
TX-383,Reagan ,39135,43.8
GA-245,Richmond ,39137,45.7
VA-167,Russell ,39139,33.4
FL-115,Sarasota ,39141,61.6
IN-145,Shelby ,39143,27.6
NE-165,Sioux ,39145,22.2
GA-255,Spalding ,39147,43.9
MI-149,St. Joseph ,39149,22.7
AL-123,Tallapoosa ,39151,44.4
IN-159,Tipton ,39153,25.1
MN-159,Wadena ,39155,4.8
WA-071,Walla Walla ,39157,30.9
NC-185,Warren ,39159,38.3
MN-163,Washington ,39161,11
OK-149,Washita ,39163,36.1
LA-123,West Carroll Parish,39165,44.9
MD-045,Wicomico ,39167,35.1
IA-191,Winneshiek ,39169,13.5
January 2022 Contiguous U.S. County Average Temperature,,39171,
,,39173,
,,39175,
OK-001,Adair ,40001,36.3
NY-003,Allegany ,40003,21.5
AL-001,Autauga ,40005,46.3
KY-013,Bell ,40007,34.7
ID-009,Benewah ,40009,26.2
MO-017,Bollinger ,40011,32.6
KY-029,Bullitt ,40013,32.8
FL-013,Calhoun ,40015,51.3
VA-033,Caroline ,40017,35.4
TX-069,Castro ,40019,36.1
MI-033,Chippewa ,40021,14.1
AR-019,Clark ,40023,41.6
WA-011,Clark ,40025,36.9
AL-031,Coffee ,40027,48.7
TX-085,Collin ,40029,42.6
TX-099,Coryell ,40031,45.7
PA-039,Crawford ,40033,23.2
TX-105,Crockett ,40035,45.2
TN-035,Cumberland ,40037,35.1
TN-037,Davidson ,40039,37.4
KS-041,Dickinson ,40041,27.5
NM-013,Dona Ana ,40043,41.1
NV-011,Eureka ,40045,25.3
OR-021,Gilliam ,40047,30.2
MI-051,Gladwin ,40049,19
NC-077,Granville ,40051,38
IA-073,Greene ,40053,17.7
TX-191,Hall ,40055,38.7
KY-101,Henderson ,40057,33
IN-063,Hendricks ,40059,26.1
KY-105,Hickman ,40061,34.9
IL-075,Iroquois ,40063,23.6
PA-065,Jefferson ,40065,23.6
TX-253,Jones ,40067,42.7
IA-107,Keokuk ,40069,20
WA-037,Kittitas ,40071,24.8
MO-107,Lafayette ,40073,26.9
FL-069,Lake ,40075,58.2
FL-075,Levy ,40077,55.3
GA-181,Lincoln ,40079,43.6
GA-185,Lowndes ,40081,50.8
GA-195,Madison ,40083,41.9
TN-113,Madison ,40085,37.7
MO-129,Mercer ,40087,23
NE-121,Merrick ,40089,21.6
NJ-023,Middlesex ,40091,29.9
MN-091,Martin ,40093,12.6
TX-311,McMullen ,40095,53.4
KY-167,Mercer ,40097,32.6
TX-353,Nolan ,40099,42.6
AK-185,North Slope Borough,40101,-13.3
FL-095,Orange ,40103,59.7
MI-133,Osceola ,40105,18
MO-153,Ozark ,40107,33.5
WI-089,Ozaukee ,40109,18.3
WA-049,Pacific ,40111,39.1
ND-067,Pembina ,40113,1
AR-105,Perry ,40115,39.5
KY-195,Pike ,40117,35
MO-163,Pike ,40119,26.7
WI-099,Price ,40121,8.7
GA-241,Rabun ,40123,38.7
GA-243,Randolph ,40125,48.1
MT-083,Richland ,40127,9.8
IL-167,Sangamon ,40129,25.9
MI-151,Sanilac ,40131,20.8
VA-175,Southampton ,40133,39
IN-147,Spencer ,40135,32.3
GA-269,Taylor ,40137,45.8
KY-225,Union ,40139,33.1
TN-173,Union ,40141,36.4
NC-183,Wake ,40143,40.2
GA-305,Wayne ,40145,50.6
TX-487,Wilbarger ,40147,39.9
OH-171,Williams ,40149,23.2
,,40151,
,,40153,
GA-011,Banks ,41001,41.9
MI-021,Berrien ,41003,23.8
AL-025,Clarke ,41005,47.9
IA-043,Clayton ,41007,15.6
TX-097,Cooke ,41009,41.6
NC-049,Craven ,41011,43.7
ID-037,Custer ,41013,17.2
NC-055,Dare ,41015,43.5
WV-017,Doddridge ,41017,30.4
TX-133,Eastland ,41019,43.1
NH-009,Grafton ,41021,15.1
MS-041,Greene ,41023,48.8
TN-077,Henderson ,41025,37.9
PA-061,Huntingdon ,41027,27.1
TN-089,Jefferson ,41029,37.5
OR-033,Josephine ,41031,36.9
NE-103,Keya Paha ,41033,19.7
MT-047,Lake ,41035,21.7
MO-109,Lawrence ,41037,32.6
MS-081,Lee ,41039,41.7
MS-087,Lowndes ,41041,43.7
VA-680,Lynchburg City,41043,35.2
NC-117,Martin ,41045,41.3
NC-111,McDowell ,41047,37.2
ID-069,Nez Perce ,41049,28.7
OK-103,Noble ,41051,34.6
TN-141,Putnam ,41053,36.3
VA-179,Stafford ,41055,34
SD-127,Union ,41057,16.5
IA-179,Wapello ,41059,21.3
OH-165,Warren ,41061,28.8
OH-169,Wayne ,41063,25.5
WV-103,Wetzel ,41065,29.5
AL-131,Wilcox ,41067,47.5
NC-197,Yadkin ,41069,37
,,41071,
PA-001,Adams ,42001,28.6
LA-003,Allen Parish,42003,50.4
WI-003,Ashland ,42005,8.8
TX-027,Bell ,42007,46.2
SD-007,Bennett ,42009,20.2
MT-003,Big Horn ,42011,19.8
SD-009,Bon Homme ,42013,17.4
FL-009,Brevard ,42015,60.9
GA-033,Burke ,42017,46.1
LA-019,Calcasieu Parish,42019,51.5
WY-005,Campbell ,42021,19.4
MO-031,Cape Girardeau ,42023,32.5
MS-015,Carroll ,42025,43.4
GA-051,Chatham ,42027,50.1
MS-019,Choctaw ,42029,43.2
AR-021,Clay ,42031,35.9
MS-027,Coahoma ,42033,41.3
NM-007,Colfax ,42035,28
MO-053,Cooper ,42037,28.3
NC-051,Cumberland ,42039,42.7
IA-049,Dallas ,42041,19.2
IA-053,Decatur ,42043,21.6
MI-043,Dickinson ,42045,11.6
NY-031,Essex ,42047,14.4
TX-147,Fannin ,42049,41.7
KS-057,Ford ,42051,30.2
PA-055,Franklin ,42053,28.4
NE-065,Furnas ,42055,25.1
OH-055,Geauga ,42057,23.6
SD-055,Haakon ,42059,17.4
TX-237,Jack ,42061,41.8
NC-099,Jackson ,42063,34.6
UT-023,Juab ,42065,27
VA-099,King George ,42067,35.2
WY-021,Laramie ,42069,24.7
FL-071,Lee ,42071,63.4
TX-293,Limestone ,42073,46.1
MN-081,Lincoln ,42075,10.9
WY-023,Lincoln ,42077,16
MI-101,Manistee ,42079,19.8
WI-071,Manitowoc ,42081,16.3
VA-119,Middlesex ,42083,37.4
AR-095,Monroe ,42085,40.4
MI-117,Montcalm ,42087,20.1
TX-345,Motley ,42089,39.7
LA-069,Natchitoches Parish,42091,47.5
ND-063,Nelson ,42093,2.3
VT-019,Orleans ,42095,12.6
KS-139,Osage ,42097,28.1
AR-113,Polk ,42099,38.9
TX-373,Polk ,42101,49.3
VA-145,Powhatan ,42103,36.5
IN-135,Randolph ,42105,25.3
IA-167,Sioux ,42107,14.9
WA-065,Stevens ,42109,22.3
AR-137,Stone ,42111,36
OK-141,Tillman ,42113,39.1
MT-101,Toole ,42115,14.8
TX-459,Upshur ,42117,44.9
PA-123,Warren ,42119,22.5
OH-167,Washington ,42121,29.9
LA-125,West Feliciana Parish,42123,50
GA-315,Wilcox ,42125,47.6
MN-169,Winona ,42127,13
AK-275,Wrangell City and Borough,42129,25.7
,,42131,
,,42133,
IN-013,Brown ,44001,27.9
TX-275,Knox ,44003,41.1
OK-107,Okfuskee ,44005,37.6
MN-129,Renville ,44007,10.6
GA-317,Wilkes ,44009,43
SC-001,Abbeville ,45001,42.4
CO-003,Alamosa ,45003,18.4
VA-009,Amherst ,45005,34.3
TX-005,Angelina ,45007,48.3
WV-001,Barbour ,45009,29.8
GA-015,Bartow ,45011,40.8
TX-025,Bee ,45013,53.9
GA-021,Bibb ,45015,45.6
NC-029,Camden ,45017,40.7
NY-017,Chenango ,45019,20.5
MN-023,Chippewa ,45021,9.8
OK-023,Choctaw ,45023,40.9
NC-041,Chowan ,45025,41.1
AL-027,Clay ,45027,42.8
TX-093,Comanche ,45029,44
IN-031,Decatur ,45031,28.3
KS-045,Douglas ,45033,27.9
NC-063,Durham ,45035,39.1
UT-015,Emery ,45037,24.6
MN-045,Fillmore ,45039,12.6
ID-041,Franklin ,45041,20.9
MN-049,Goodhue ,45043,11.5
VA-083,Halifax ,45045,36.7
NE-079,Hall ,45047,22.2
OR-025,Harney ,45049,26.1
SD-069,Hyde ,45051,12.4
KS-089,Jewell ,45053,24.6
AK-158,Kusilvak Census Area,45055,5.9
GA-177,Lee ,45057,48.3
TN-101,Lewis ,45059,37.5
SD-083,Lincoln ,45061,14.8
AR-083,Logan ,45063,38.5
OH-107,Mercer ,45065,25.2
WV-047,McDowell ,45067,33.2
ND-051,McIntosh ,45069,7.8
FL-093,Okeechobee ,45071,61.7
MN-111,Otter Tail ,45073,5
KS-145,Pawnee ,45075,29.1
OH-133,Portage ,45077,24.5
NC-161,Rutherford ,45079,39.5
AR-129,Searcy ,45081,35.3
NH-017,Strafford ,45083,20.9
CT-013,Tolland ,45085,24.5
TN-177,Warren ,45087,37.3
,,45089,
,,45091,
FL-003,Baker ,46003,53
PA-009,Bedford ,46005,27.3
TN-005,Benton ,46007,37.4
WV-005,Boone ,46009,33.3
OH-015,Brown ,46011,29.6
VA-029,Buckingham ,46013,35.8
IA-021,Buena Vista ,46015,15.2
TX-051,Burleson ,46017,48.6
NC-027,Caldwell ,46019,37.7
WY-007,Carbon ,46021,18.8
NY-015,Chemung ,46023,22.3
MO-047,Clay ,46025,26.6
KY-053,Clinton ,46027,35.3
GA-073,Columbia ,46029,44.8
IN-025,Crawford ,46031,31.2
NC-059,Davie ,46033,37.7
MO-063,DeKalb ,46035,24.5
OH-041,Delaware ,46037,26.7
CO-033,Dolores ,46039,23.1
KS-043,Doniphan ,46041,25.5
MI-045,Eaton ,46043,21.6
MI-047,Emmet ,46045,17.3
KS-055,Finney ,46047,28.9
GA-115,Floyd ,46049,41
MO-077,Greene ,46051,31.8
FL-047,Hamilton ,46053,52.1
MS-045,Hancock ,46055,50.7
MD-025,Harford ,46057,31
TX-203,Harrison ,46059,46.1
GA-147,Hart ,46061,41.7
TN-075,Haywood ,46063,37.8
GA-155,Irwin ,46065,48.6
FL-063,Jackson ,46067,51
IN-071,Jackson ,46069,29.4
TX-245,Jefferson ,46071,51.8
UT-025,Kane ,46073,30
WI-061,Kewaunee ,46075,16
IN-087,LaGrange ,46077,22.7
OH-087,Lawrence ,46079,32
AR-079,Lincoln ,46081,42
TX-303,Lubbock ,46083,38.8
WI-073,Marathon ,46085,10.8
ND-057,Mercer ,46087,8.9
SD-097,Miner ,46089,13
TN-109,McNairy ,46091,38.8
NV-021,Mineral ,46093,29.9
IA-131,Mitchell ,46095,13
KY-173,Montgomery ,46097,32.3
PA-091,Montgomery ,46099,29.3
KS-131,Nemaha ,46101,24.3
OK-121,Pittsburg ,46103,39.2
NE-141,Platte ,46105,20
MO-175,Randolph ,46107,26.2
CA-073,San Diego ,46109,49.5
WI-117,Sheboygan ,46111,16.9
VA-800,Suffolk City,46115,39.8
IN-155,Switzerland ,46117,30.3
PA-117,Tioga ,46119,22
AR-141,Van Buren ,46121,36.8
IL-185,Wabash ,46123,30.7
GA-295,Walker ,46125,39.4
VA-187,Warren ,46127,30.8
VA-820,Waynesboro City,46129,32.8
,,46135,
,,46137,
MD-003,Anne Arundel ,47001,34
VT-003,Bennington ,47003,17.3
NC-015,Bertie ,47005,40.7
AR-009,Boone ,47007,34.7
IN-011,Boone ,47009,25.1
TX-045,Briscoe ,47011,38
ID-029,Caribou ,47013,20
GA-045,Carroll ,47015,41.4
MI-027,Cass ,47017,22.7
NC-033,Caswell ,47019,38.2
SC-025,Chesterfield ,47021,42.5
MT-015,Chouteau ,47023,17
IA-039,Clarke ,47025,20.8
MI-037,Clinton ,47027,21.5
AR-027,Columbia ,47029,43.8
PA-037,Columbia ,47031,24.5
OR-015,Curry ,47033,41.3
MO-059,Dallas ,47035,31.2
TN-039,Decatur ,47037,38.4
IA-057,Des Moines ,47039,22.3
SD-041,Dewey ,47041,13.5
GA-097,Douglas ,47043,41.4
TX-141,El Paso ,47045,42.9
PA-053,Forest ,47047,23.2
GA-117,Forsyth ,47049,40.6
FL-039,Gadsden ,47051,51.3
GA-129,Gordon ,47053,40.5
KS-063,Gove ,47055,28
WA-027,Grays Harbor ,47057,38
GA-137,Habersham ,47059,40.6
OH-061,Hamilton ,47061,29.7
TN-069,Hardeman ,47063,38.5
SD-063,Harding ,47065,15.1
MO-081,Harrison ,47067,23.1
TX-205,Hartley ,47069,34.1
NE-085,Hayes ,47071,25
TX-215,Hidalgo ,47073,58.9
MT-041,Hill ,47075,11.8
NE-087,Hitchcock ,47077,26
VA-670,Hopewell City,47079,38.7
AL-069,Houston ,47081,50.2
FL-061,Indian River ,47083,61.5
MN-061,Itasca ,47085,3
WA-031,Jefferson ,47087,34
MT-045,Judith Basin ,47089,19.5
MI-081,Kent ,47091,21.7
VT-015,Lamoille ,47093,13.4
PA-073,Lawrence ,47095,25.9
KY-135,Lewis ,47097,31.4
CO-073,Lincoln ,47099,27
NY-051,Livingston ,47101,22.7
IA-117,Lucas ,47103,21.1
MT-057,Madison ,47105,18.5
GA-201,Miller ,47107,50.1
IA-129,Mills ,47109,21.6
MS-091,Marion ,47111,49.1
MS-093,Marshall ,47113,40.2
GA-189,McDuffie ,47115,44.4
KS-113,McPherson ,47117,28.4
WI-078,Menominee ,47119,11.8
GA-205,Mitchell ,47121,49.9
IL-139,Moultrie ,47123,26
WY-025,Natrona ,47125,20
KS-133,Neosho ,47127,31.6
MI-123,Newaygo ,47129,20.4
NY-077,Otsego ,47131,20
OH-127,Perry ,47133,27.9
FL-105,Polk ,47135,60.2
WI-097,Portage ,47137,12.3
WV-079,Putnam ,47139,33.1
NY-085,Richmond ,47141,31
TX-399,Runnels ,47143,43.9
NC-163,Sampson ,47145,42.8
CA-077,San Joaquin ,47147,45.5
NY-097,Schuyler ,47149,21.7
VA-173,Smyth ,47151,32.2
SC-083,Spartanburg ,47153,41.1
SD-115,Spink ,47155,10.6
LA-097,St. Landry Parish,47157,50.8
IN-151,Steuben ,47159,22.3
CO-119,Teller ,47161,22
NY-107,Tioga ,47163,22.3
TX-449,Titus ,47165,43.3
UT-049,Utah ,47167,24.5
MN-157,Wabasha ,47169,12.3
ND-101,Ward ,47171,6
IN-173,Warrick ,47173,31.6
MD-043,Washington ,47175,29.9
NY-119,Westchester ,47177,27.3
NC-193,Wilkes ,47179,36.7
AL-133,Winston ,47181,40.9
VA-195,Wise ,47183,33
SD-135,Yankton ,47185,16.5
,,47187,
,,47189,
MN-003,Anoka ,48001,10.2
NE-003,Antelope ,48003,19.2
AZ-001,Apache ,48005,29.7
VA-013,Arlington ,48007,33.7
TX-011,Armstrong ,48009,36.4
AR-003,Ashley ,48011,43.6
MO-007,Audrain ,48013,26.9
GA-007,Baker ,48015,49.7
MD-005,Baltimore ,48017,31.1
ND-003,Barnes ,48019,5.3
ID-007,Bear Lake ,48021,17.9
OK-009,Beckham ,48023,36.2
CO-011,Bent ,48025,29.4
IA-011,Benton ,48027,17.4
NC-017,Bladen ,48029,43.9
IL-005,Bond ,48031,28.8
NE-013,Box Butte ,48033,23
UT-003,Box Elder ,48035,23.8
TN-011,Bradley ,48037,39.3
RI-001,Bristol ,48039,28.7
MT-007,Broadwater ,48041,20
TX-047,Brooks ,48043,56.6
NY-007,Broome ,48045,22
TX-049,Brown ,48047,44.3
PA-017,Bucks ,48049,28.5
OH-017,Butler ,48051,28.6
CA-007,Butte ,48053,43.2
WV-013,Calhoun ,48055,31.3
PA-023,Cameron ,48057,23.7
LA-023,Cameron Parish,48059,52.5
NJ-009,Cape May ,48061,32.9
PA-025,Carbon ,48063,23.5
NE-025,Cass ,48065,21.9
IA-033,Cerro Gordo ,48067,13.7
AL-017,Chambers ,48069,43.7
KS-019,Chautauqua ,48071,32.4
WI-017,Chippewa ,48073,10.3
FL-017,Citrus ,48075,57.1
MO-049,Clinton ,48077,25.3
GA-071,Colquitt ,48079,49.7
WI-021,Columbia ,48081,15.6
CA-011,Colusa ,48083,44.4
LA-029,Concordia Parish,48085,48.5
AL-035,Conecuh ,48087,48.7
CA-013,Contra Costa ,48089,45.9
SD-031,Corson ,48091,12.1
OH-031,Coshocton ,48093,26.7
TX-101,Cottle ,48095,40
VA-045,Craig ,48097,32.2
KS-037,Crawford ,48099,31.7
OH-033,Crawford ,48101,24.9
TX-107,Crosby ,48103,39.4
CO-027,Custer ,48105,22.8
NE-041,Custer ,48107,22
GA-083,Dade ,48109,38.9
GA-085,Dawson ,48111,39.7
NM-011,De Baca ,48113,36.8
NY-025,Delaware ,48115,20.4
MI-041,Delta ,48117,15.4
SC-033,Dillon ,48119,44.2
ND-023,Divide ,48121,4.7
TX-129,Donley ,48123,36.8
GA-093,Dooly ,48125,46.9
MN-041,Douglas ,48127,6
MO-069,Dunklin ,48129,36.3
CO-041,El Paso ,48131,27.9
NV-007,Elko ,48133,24.6
TX-139,Ellis ,48135,45.3
TX-143,Erath ,48137,43.7
LA-039,Evangeline Parish,48139,50.3
FL-033,Escambia ,48141,51.4
VA-610,Falls Church City,48143,33.3
MT-029,Flathead ,48145,18.8
SC-041,Florence ,48147,45.2
WI-041,Forest ,48149,9.7
AL-059,Franklin ,48151,40.2
MA-011,Franklin ,48153,20.9
NE-061,Franklin ,48155,24.2
WA-021,Franklin ,48157,29.2
NE-067,Gage ,48159,23.3
CO-045,Garfield ,48161,21.7
AR-051,Garland ,48163,40.1
AL-061,Geneva ,48165,49.7
AZ-007,Gila ,48167,40.9
GA-125,Glascock ,48169,45.2
OK-051,Grady ,48171,37.2
VT-013,Grand Isle ,48173,15.8
NE-075,Grant ,48175,21.8
NM-017,Grant ,48177,37.7
KY-089,Greenup ,48179,31.7
SC-047,Greenwood ,48181,42.9
TN-063,Hamblen ,48183,37.2
IA-079,Hamilton ,48185,16.2
TX-193,Hamilton ,48187,44.7
SD-059,Hand ,48189,12.4
FL-049,Hardee ,48191,60.8
WV-031,Hardy ,48193,29.4
VA-660,Harrisonburg City,48195,32.2
KS-079,Harvey ,48197,29.5
TX-209,Hays ,48199,48.7
MN-053,Hennepin ,48201,10.7
KY-103,Henry ,48203,31.1
FL-053,Hernando ,48205,57.9
TN-081,Hickman ,48207,37.4
VA-091,Highland ,48209,28.1
FL-057,Hillsborough ,48211,59.9
OH-073,Hocking ,48213,28.5
TN-083,Houston ,48215,36.7
MD-027,Howard ,48217,31.4
CO-055,Huerfano ,48219,27.9
NJ-019,Hunterdon ,48221,27
TX-233,Hutchinson ,48223,35.4
PA-063,Indiana ,48225,25.6
NC-097,Iredell ,48227,38.2
UT-021,Iron ,48229,27.6
MS-057,Itawamba ,48231,41.5
GA-157,Jackson ,48233,42
WI-053,Jackson ,48235,11.7
CO-059,Jefferson ,48237,28
WV-037,Jefferson ,48239,30.5
TX-247,Jim Hogg ,48241,56.2
GA-167,Johnson ,48243,46.9
AK-110,Juneau City and Borough,48245,17.1
NE-099,Kearney ,48247,23
KS-093,Kearny ,48249,29.2
RI-003,Kent ,48251,27
MI-083,Keweenaw ,48253,12.4
OK-075,Kiowa ,48255,37.2
WA-035,Kitsap ,48257,38.2
IN-083,Knox ,48259,29.6
KY-121,Knox ,48261,35.2
AK-150,Kodiak Island Borough,48263,24.5
IA-109,Kossuth ,48265,13.8
MN-073,Lac qui Parle ,48267,10.3
MO-105,Laclede ,48269,31.4
AK-164,Lake and Peninsula Borough,48271,16.8
OH-085,Lake ,48273,25.3
ND-045,LaMoure ,48275,7.2
NM-025,Lea ,48277,40
MS-079,Leake ,48279,44.8
AL-081,Lee ,48281,45.6
WI-067,Langlade ,48283,9.9
WA-041,Lewis ,48285,33.6
TN-103,Lincoln ,48287,38.9
OR-043,Linn ,48289,35.5
KY-141,Logan ,48291,35.3
OH-091,Logan ,48293,25.3
TX-305,Lynn ,48295,40.4
KY-143,Lyon ,48297,34.9
IL-115,Macon ,48299,25.4
TX-313,Madison ,48301,48.2
IA-123,Mahaska ,48303,20.3
AZ-013,Maricopa ,48305,50.8
GA-199,Meriwether ,48307,43.9
MN-095,Mille Lacs ,48309,7.5
MO-131,Miller ,48311,30.8
OK-095,Marshall ,48313,40.8
IL-111,McHenry ,48315,19.5
NC-119,Mecklenburg ,48317,40.5
MN-093,Meeker ,48319,9.1
IL-129,Menard ,48321,25.3
CA-047,Merced ,48323,45.3
AR-093,Mississippi ,48325,37.9
NC-121,Mitchell ,48327,32.7
TX-337,Montague ,48329,41.1
CA-053,Monterey ,48331,46.9
IA-137,Montgomery ,48333,20.8
TN-127,Moore ,48335,38.5
KY-177,Muhlenberg ,48337,34.6
AZ-017,Navajo ,48339,30.4
MS-099,Neshoba ,48341,44.6
MS-101,Newton ,48343,45.5
WV-067,Nicholas ,48345,30.4
PA-095,Northampton ,48347,25.9
NV-023,Nye ,48349,30.9
MN-109,Olmsted ,48351,11.8
NC-135,Orange ,48353,38.9
CO-089,Otero ,48355,30.3
OH-123,Ottawa ,48357,25.6
FL-099,Palm Beach ,48359,64.4
VA-141,Patrick ,48361,35
CO-095,Phillips ,48363,25.4
IL-147,Piatt ,48365,24.8
TN-137,Pickett ,48367,35.5
GA-229,Pierce ,48369,50.6
AZ-019,Pima ,48371,49.6
NM-037,Quay ,48373,36
NC-151,Randolph ,48375,39.7
MN-125,Red Lake ,48377,2
CA-065,Riverside ,48379,50.4
SD-109,Roberts ,48381,8.7
NY-087,Rockland ,48383,26.7
TX-397,Rockwall ,48385,43.4
OK-131,Rogers ,48387,35.2
NM-041,Roosevelt ,48389,36.5
MI-143,Roscommon ,48391,17
CA-075,San Francisco ,48393,48.2
CO-111,San Juan ,48395,18.1
OH-143,Sandusky ,48397,25.6
WI-111,Sauk ,48399,15.2
NY-093,Schenectady ,48401,20.5
MO-199,Scotland ,48403,23.2
CO-115,Sedgwick ,48405,25.4
OH-147,Seneca ,48407,25.3
CA-089,Shasta ,48409,38.8
WI-115,Shawano ,48411,12.4
ID-079,Shoshone ,48413,23.4
CA-095,Solano ,48415,45.8
MO-183,St. Charles ,48417,29.2
NY-089,St. Lawrence ,48419,14.2
CA-099,Stanislaus ,48421,45.1
NY-101,Steuben ,48423,21.7
MS-131,Stone ,48425,49.6
MO-213,Taney ,48427,33.8
IA-173,Taylor ,48429,21.1
TX-441,Taylor ,48431,43.2
MT-099,Teton ,48433,18.5
ND-097,Traill ,48435,4.1
WI-121,Trempealeau ,48437,12.3
OK-143,Tulsa ,48439,35.9
MI-157,Tuscola ,48441,20.6
AR-139,Union ,48443,43.7
FL-125,Union ,48445,54
OH-159,Union ,48447,26.3
TX-465,Val Verde ,48449,48.2
MI-159,Van Buren ,48451,23.3
MO-217,Vernon ,48453,31.2
FL-127,Volusia ,48455,58.3
ND-099,Walsh ,48457,2.1
OR-065,Wasco ,48459,29.9
WI-129,Washburn ,48461,7.9
CO-121,Washington ,48463,25.8
FL-133,Washington ,48465,51.2
MS-151,Washington ,48467,43.8
VT-023,Washington ,48469,14.2
MO-223,Wayne ,48471,33.1
NC-191,Wayne ,48473,42.1
GA-307,Webster ,48475,47.2
MN-167,Wilkin ,48477,6.2
KY-237,Wolfe ,48479,33.8
KS-209,Wyandotte ,48481,27.4
WA-077,Yakima ,48483,26.5
ME-031,York ,48485,20.4
PA-133,York ,48487,28.6
TX-507,Zavala ,48489,52
,,48491,
,,48493,
,,48495,
,,48497,
,,48499,
,,48501,
,,48503,
,,48505,
,,48507,
OH-013,Belmont ,49001,28
WV-007,Braxton ,49003,31.9
AR-013,Calhoun ,49005,42.8
MO-033,Carroll ,49007,26.2
IA-051,Davis ,49009,22.2
IN-033,DeKalb ,49011,23.1
IL-045,Edgar ,49013,26.4
CT-001,Fairfield ,49015,26.8
GA-123,Gilmer ,49017,38.2
TX-181,Grayson ,49019,41.7
GA-159,Jasper ,49021,43.4
ND-043,Kidder ,49023,5.5
CO-061,Kiowa ,49025,28.1
CO-083,Montezuma ,49027,26.3
SC-071,Newberry ,49029,42.9
VA-149,Prince George ,49031,38.6
TX-401,Rusk ,49033,46.7
TX-415,Scurry ,49035,42.1
TN-155,Sevier ,49037,36.6
MO-205,Shelby ,49039,25
WA-063,Spokane ,49041,25.5
TN-167,Tipton ,49043,38.6
OH-161,Van Wert ,49045,24.9
SD-129,Walworth ,49047,10.9
AL-129,Washington ,49049,48.6
WY-045,Weston ,49051,18.7
GA-319,Wilkinson ,49053,46.4
MS-159,Winston ,49055,43.8
OH-173,Wood ,49057,25.2
VT-001,Addison ,50001,16.4
WA-005,Benton ,50003,30.3
MO-027,Callaway ,50005,28.6
MI-035,Clare ,50007,18
IL-051,Fayette ,50009,28.3
TX-165,Gaines ,50011,41
KS-071,Greeley ,50013,28.2
KS-103,Leavenworth ,50015,27.1
GA-223,Paulding ,50017,40.9
ID-075,Payette ,50019,27.2
PA-107,Schuylkill ,50021,25.1
MS-157,Wilkinson ,50023,49.1
,,50025,
,,50027,
VA-001,Accomack ,51001,37.1
IL-003,Alexander ,51003,33.3
OH-003,Allen ,51005,25.3
KY-005,Anderson ,51007,32.2
SC-007,Anderson ,51009,41.7
AR-001,Arkansas ,51011,41.2
OH-005,Ashland ,51013,24.9
TX-017,Bailey ,51015,36.8
LA-011,Beauregard Parish,51017,50
ND-005,Benson ,51019,3
ID-017,Bonner ,51021,23
NE-015,Boyd ,51023,19
SD-017,Buffalo ,51025,14.3
NC-021,Buncombe ,51027,35.2
IL-011,Bureau ,51029,21
KY-039,Carlisle ,51031,34.4
KY-043,Carter ,51033,32.1
MN-021,Cass ,51035,4.5
MI-031,Cheboygan ,51036,16.7
IA-035,Cherokee ,51037,15.4
IL-021,Christian ,51041,26.5
GA-063,Clayton ,51043,42.6
OR-013,Crook ,51045,27.7
MN-037,Dakota ,51047,11.6
TX-113,Dallas ,51049,44.4
WI-029,Door ,51051,16.6
MO-067,Douglas ,51053,32.4
IN-041,Fayette ,51057,26.9
TN-049,Fentress ,51059,34.5
IA-067,Floyd ,51061,14.2
MS-037,Franklin ,51063,48
MO-071,Franklin ,51065,29.6
VA-640,Galax City,51067,32.8
OH-053,Gallia ,51069,31.7
GA-131,Grady ,51071,50.7
AR-053,Grant ,51073,41.6
ND-037,Grant ,51075,10.2
OK-055,Greer ,51077,37.2
AK-100,Haines Borough,51079,15.8
TX-189,Hale ,51081,37.6
TX-195,Hansford ,51083,34.2
WV-033,Harrison ,51085,30.4
FL-059,Holmes ,51087,50.4
KY-107,Hopkins ,51089,34.3
AR-061,Howard ,51091,41
IN-075,Jay ,51093,25.2
LA-051,Jefferson Parish,51095,53.7
PA-069,Lackawanna ,51097,22.5
FL-067,Lafayette ,51099,53.1
MS-071,Lafayette ,51101,41.6
IL-103,Lee ,51103,19.9
WA-043,Lincoln ,51105,24.1
NE-119,Madison ,51107,19.3
NC-115,Madison ,51109,35.3
VA-685,Manassas Park City,51111,33
SD-091,Marshall ,51113,7.8
CA-045,Mendocino ,51115,43.9
ID-067,Minidoka ,51117,21.7
WV-063,Monroe ,51119,31.4
TX-349,Navarro ,51121,45.6
TN-131,Obion ,51125,35.7
IN-115,Ohio ,51127,30
LA-071,Orleans Parish,51131,52.6
MO-151,Osage ,51133,30.1
IA-143,Osceola ,51135,13.3
OH-125,Paulding ,51137,24.6
NE-137,Phelps ,51139,23.6
AL-109,Pike ,51141,47.7
VA-147,Prince Edward ,51143,36.2
VA-157,Rappahannock ,51145,31.2
MN-127,Redwood ,51147,11.5
TX-389,Reeves ,51149,44.4
NY-083,Rensselaer ,51153,20.8
IL-159,Richland ,51155,29.6
GA-247,Rockdale ,51157,42.5
ME-023,Sagadahoc ,51159,19.6
CA-071,San Bernardino ,51161,46.6
CO-113,San Miguel ,51163,23.6
MT-089,Sanders ,51165,22
IL-169,Schuyler ,51167,24.7
WA-061,Snohomish ,51169,32
MO-510,St. Louis City,51171,30.5
KS-189,Stevens ,51173,31.5
TX-433,Stonewall ,51175,41.9
NY-103,Suffolk ,51177,29.6
MN-151,Swift ,51179,8.7
UT-045,Tooele ,51181,26.4
ND-095,Towner ,51183,0.9
WV-095,Tyler ,51185,30
PA-129,Westmoreland ,51187,27.8
IL-197,Will ,51191,22.5
IA-197,Wright ,51193,15
,,51195,
,,51197,
,,51199,
MD-001,Allegany ,51510,29.2
FL-011,Broward ,51520,65.3
NC-023,Burke ,51530,38
KS-021,Cherokee ,51540,32.9
VT-007,Chittenden ,51550,16
CO-021,Conejos ,51570,18.5
OK-037,Creek ,51580,36.1
TX-117,Deaf Smith ,51590,35.1
MT-025,Fallon ,51595,14.3
WV-019,Fayette ,51600,31.3
FL-035,Flagler ,51610,56.9
VA-069,Frederick ,51620,30.1
TX-167,Galveston ,51630,53.1
MO-075,Gentry ,51640,23.4
NC-085,Harnett ,51650,41.7
OH-069,Henry ,51660,24.6
OH-077,Huron ,51670,25.2
Location ID,Location,51678,1901-2000 Mean
AL-091,Marengo ,51680,46.6
TX-317,Martin ,51683,42.8
VA-690,Martinsville City,51685,36.6
VA-117,Mecklenburg ,51690,37.4
OK-109,Oklahoma ,51700,36.5
VT-017,Orange ,51710,14.9
KS-141,Osborne ,51720,26.5
MO-167,Polk ,51730,31.4
WV-081,Raleigh ,51735,31.3
TX-381,Randall ,51740,35.6
WV-085,Ritchie ,51750,30.5
TX-403,Sabine ,51760,47.9
CA-069,San Benito ,51770,44.9
KY-209,Scott ,51775,31.5
LA-105,Tangipahoa Parish,51790,50.2
KS-193,Thomas ,51800,26.9
NV-031,Washoe ,51810,29.7
TX-497,Wise ,51820,42.3
Units: Degrees Fahrenheit,,51830,
,,51840,
WA-001,Adams ,53001,26.7
OK-005,Atoka ,53003,40.1
AK-050,Bethel Census Area,53005,7.1
CO-017,Cheyenne ,53007,27.5
VA-043,Clarke ,53009,30.8
NE-035,Clay ,53011,22.7
NH-007,Coos ,53013,12
TN-033,Crockett ,53015,37.2
WI-035,Eau Claire ,53017,11
TX-157,Fort Bend ,53019,52.1
IL-059,Gallatin ,53021,32.4
WV-021,Gilmer ,53023,31.2
NY-039,Greene ,53025,21.4
SC-045,Greenville ,53027,40.8
TX-241,Jasper ,53029,49.2
WI-057,Juneau ,53031,13.4
AR-073,Lafayette ,53033,43.7
IN-089,Lake ,53035,23
MI-085,Lake ,53037,19.5
OR-037,Lake ,53039,27.5
LA-063,Livingston Parish,53041,51.1
OH-095,Lucas ,53043,25.1
OH-105,Meigs ,53045,30.9
ID-073,Owyhee ,53047,27
MO-159,Pettis ,53049,28.3
FL-103,Pinellas ,53051,60.2
KS-149,Pottawatomie ,53053,25.8
UT-041,Sevier ,53055,25
ND-091,Steele ,53057,3.6
OK-137,Stephens ,53059,39
MN-149,Stevens ,53061,7.7
MA-025,Suffolk ,53063,26.6
CA-103,Tehama ,53065,42.4
PA-119,Union ,53067,25.5
IL-191,Wayne ,53069,30.3
NE-179,Wayne ,53071,18.4
NY-121,Wyoming ,53073,21
MT-111,Yellowstone ,53075,20.8
,,53077,
MO-009,Barry ,54001,33.7
LA-013,Bienville Parish,54003,45.2
ND-011,Bowman ,54005,13.7
MA-005,Bristol ,54007,27.8
NE-017,Brown ,54009,21
VT-005,Caledonia ,54011,13.1
TX-061,Cameron ,54013,59.8
NY-019,Clinton ,54015,14.8
WA-017,Douglas ,54017,23.4
MS-035,Forrest ,54019,48.8
KS-065,Graham ,54021,27.4
NC-079,Greene ,54023,42
IL-063,Grundy ,54025,22.1
OK-057,Harmon ,54027,37.7
OH-067,Harrison ,54029,27
GA-149,Heard ,54031,42.6
MO-083,Henry ,54033,29.6
WI-055,Jefferson ,54035,17.7
PA-067,Juniata ,54037,27.4
NY-047,Kings ,54039,31.4
TX-299,Llano ,54041,46.8
MI-095,Luce ,54043,14.5
ID-065,Madison ,54045,18.1
IN-103,Miami ,54047,24.4
ND-049,McHenry ,54049,4.5
NE-117,McPherson ,54051,22.7
TN-121,Meigs ,54053,38.6
FL-087,Monroe ,54055,66.4
NY-057,Montgomery ,54057,20.5
NC-123,Montgomery ,54059,41
MO-141,Morgan ,54061,29.4
ND-061,Mountrail ,54063,6.1
RI-005,Newport ,54065,29.1
NY-067,Onondaga ,54067,21.3
KY-187,Owen ,54069,31.2
CO-097,Pitkin ,54071,18.2
CO-101,Pueblo ,54073,30.9
KY-199,Pulaski ,54075,34.5
LA-081,Red River Parish,54077,46.1
NC-153,Richmond ,54079,42
TN-145,Roane ,54081,37.9
WI-105,Rock ,54083,18.3
UT-035,Salt Lake ,54085,26.4
TX-405,San Augustine ,54087,47.9
MS-139,Tippah ,54089,39.7
GA-289,Twiggs ,54091,46.4
OK-145,Wagoner ,54093,36.8
MS-147,Walthall ,54095,48.9
MN-161,Waseca ,54097,11.9
WV-105,Wirt ,54099,31
AR-147,Woodruff ,54101,39
MO-229,Wright ,54103,31.5
,,54105,
,,54107,
,,54109,
WI-001,Adams ,55001,13.6
OH-009,Athens ,55003,29.6
KY-011,Bath ,55005,32.6
MN-005,Becker ,55007,3.7
VA-530,Buena Vista City,55009,34.4
NJ-005,Burlington ,55011,31.5
ID-023,Butte ,55013,16.5
SD-021,Campbell ,55015,10.1
LA-027,Claiborne Parish,55017,44.4
NC-043,Clay ,55019,36.4
OR-011,Coos ,55021,41.6
PA-041,Cumberland ,55023,28.3
LA-031,De Soto Parish,55025,46.4
IA-061,Dubuque ,55027,17.2
WI-033,Dunn ,55029,10.7
GA-101,Echols ,55031,51.5
IL-047,Edwards ,55033,30.6
KS-051,Ellis ,55035,27.9
IL-055,Franklin ,55037,31.2
NY-033,Franklin ,55039,13.2
TN-051,Franklin ,55041,38.3
OH-057,Greene ,55043,27.7
ND-039,Griggs ,55045,3.4
TX-185,Grimes ,55047,49
TX-239,Jackson ,55049,52.7
IL-079,Jasper ,55051,28.3
MS-065,Jefferson Davis ,55053,48
MI-077,Kalamazoo ,55055,22.4
WA-033,King ,55057,33.6
MO-103,Knox ,55059,23.9
AZ-012,La Paz ,55061,51.2
NV-015,Lander ,55063,27.6
ID-057,Latah ,55065,26.9
NC-105,Lee ,55067,40.9
GA-187,Lumpkin ,55069,39.1
TX-319,Mason ,55071,46.3
WA-045,Mason ,55073,35.8
TN-119,Maury ,55075,37.7
PA-083,McKean ,55077,21.7
CO-081,Moffat ,55078,19.8
KS-125,Montgomery ,55079,32.7
MN-099,Mower ,55081,11.6
AR-103,Ouachita ,55083,43.1
TX-365,Panola ,55085,46.9
MO-157,Perry ,55087,31.6
MT-069,Petroleum ,55089,18.5
LA-075,Plaquemines Parish,55091,54
OK-125,Pottawatomie ,55093,37.8
MD-035,Queen Anne's ,55095,33.3
MN-123,Ramsey ,55097,11.1
NE-145,Red Willow ,55099,25.4
MO-181,Ripley ,55101,34.2
TN-149,Rutherford ,55103,38
CA-079,San Luis Obispo ,55105,46.9
TX-413,Schleicher ,55107,44.5
WV-089,Summers ,55109,31.9
NE-163,Sherman ,55111,21.4
TX-421,Sherman ,55113,33.9
MO-185,St. Clair ,55115,30.9
AR-123,St. Francis ,55117,39.6
ID-083,Twin Falls ,55119,26.2
TX-469,Victoria ,55121,53
TX-477,Washington ,55123,49.4
LA-117,Washington Parish,55125,49.5
TN-183,Weakley ,55127,36.2
WA-073,Whatcom ,55129,28.9
TX-489,Willacy ,55131,58.8
TX-491,Williamson ,55133,47.5
KS-205,Wilson ,55135,31.7
NC-195,Wilson ,55137,41
,,55139,
,,55141,
AK-016,Aleutians West Census Area,56001,29.5
PA-013,Blair ,56003,25.8
MN-017,Carlton ,56005,5.9
NH-003,Carroll ,56007,16.9
MS-031,Covington ,56009,47.7
MT-017,Custer ,56011,15.6
UT-017,Garfield ,56013,26.3
WA-025,Grant ,56015,25.9
LA-047,Iberville Parish,56017,51.7
TX-263,Kent ,56019,41.7
MI-089,Leelanau ,56021,19.4
NM-029,Luna ,56023,41.1
NE-129,Nuckolls ,56025,23.3
NY-069,Ontario ,56027,22.6
GA-227,Pickens ,56029,39.6
CO-099,Prowers ,56031,29.5
MD-037,St. Mary's ,56033,35.2
GA-275,Thomas ,56035,50.7
MT-103,Treasure ,56037,18.1
IN-161,Union ,56039,27.1
GA-297,Walton ,56041,42.3
TX-481,Wharton ,56043,52.2
MN-171,Wright ,56045,9.5
SD-057,Hamlin ,66010,9.4
SC-003,Aiken ,72001,45.3
MN-001,Aitkin ,72003,5.4
FL-001,Alachua ,72005,55.2
NC-001,Alamance ,72007,39
CA-001,Alameda ,72009,46.4
TX-001,Anderson ,72011,46.3
NE-005,Arthur ,72013,22.8
WA-003,Asotin ,72015,27.9
IN-005,Bartholomew ,72017,28.7
TX-021,Bastrop ,72019,49.2
MT-001,Beaverhead ,72021,16.8
AL-015,Calhoun ,72023,42.3
IL-013,Calhoun ,72025,27.8
MD-011,Caroline ,72027,33.5
IL-015,Carroll ,72029,18.9
NV-510,Carson City,72031,31.7
OH-021,Champaign ,72033,26
MI-029,Charlevoix ,72035,18.3
NE-029,Chase ,72037,25.4
NV-003,Clark ,72039,43.4
SD-025,Clark ,72041,9.7
TX-087,Collingsworth ,72043,37.2
CO-023,Costilla ,72045,20.9
IL-033,Crawford ,72047,28.6
MO-057,Dade ,72049,32.3
IL-043,DuPage ,72051,21.6
NE-059,Fillmore ,72053,22.6
IN-047,Franklin ,72054,28.1
MA-013,Hampden ,72055,23
MA-015,Hampshire ,72057,22.1
WV-027,Hampshire ,72059,29.7
VA-650,Hampton City,72061,39.9
IA-081,Hancock ,72063,13.8
MO-085,Hickory ,72065,30.8
NC-095,Hyde ,72067,44.1
MI-073,Isabella ,72069,19.5
MS-061,Jasper ,72071,46.6
IL-085,Jo Daviess ,72073,18.1
NE-105,Kimball ,72075,24.8
VA-097,King and Queen ,72077,36.9
TN-097,Lauderdale ,72079,37.7
MS-083,Leflore ,72081,43.5
NC-107,Lenoir ,72083,42.6
FL-073,Leon ,72085,51.7
IL-119,Madison ,72087,29.4
FL-081,Manatee ,72089,60.8
KY-161,Mason ,72091,30.9
IL-127,Massac ,72093,33.4
MI-109,Menominee ,72095,14.3
IL-131,Mercer ,72097,21.5
NM-033,Mora ,72099,28.7
VA-700,Newport News City,72101,39.7
VA-131,Northampton ,72103,38.4
VA-720,Norton City,72105,33
GA-225,Peach ,72107,46
WI-093,Pierce ,72109,11.1
UT-031,Piute ,72111,23.9
NY-081,Queens ,72113,31.2
KS-161,Riley ,72115,26.4
CO-109,Saguache ,72117,17.6
KS-169,Saline ,72119,27.8
OH-145,Scioto ,72121,30.7
MS-123,Scott ,72123,45.5
NY-099,Seneca ,72125,23.2
KS-175,Seward ,72127,31.6
NE-159,Seward ,72129,22.1
KS-177,Shawnee ,72131,27.2
KS-179,Sheridan ,72133,27
NM-061,Valencia ,72135,33.7
ID-085,Valley ,72137,19.4
KS-197,Wabaunsee ,72139,26.9
AR-143,Washington ,72141,35.6
NY-115,Washington ,72143,18.5
NC-187,Washington ,72145,41.9
VA-191,Washington ,72147,34.1
MD-511,"Washington, D.C.",72149,33.8
,,72151,
,,72153,
CO-117,Summit ,78010,16.1
AL-119,Sumter ,78020,45.8
MT-097,Sweet Grass ,78030,21.8